ts,dpid,port_no,rx_bytes,tx_bytes,rx_pkts,tx_pkts,rx_dropped,tx_dropped,rx_errors,tx_errors,rx_bps,tx_bps,rx_pps,tx_pps,drop_ps,err_ps
1762460385.1729887,1,4294967294,0,0,0,0,0,0,0,0,0.0,0.0,0.0,0.0,0.0,0.0
1762460385.1729887,1,1,408,4294,4,46,0,0,0,0,3264000000.0,34352000000.0,4000000.0,46000000.0,0.0,0.0
1762460385.1729887,1,2,2288,2216,25,24,0,0,0,0,18304000000.0,17728000000.0,25000000.0,24000000.0,0.0,0.0
1762460385.1729887,1,3,2152,2086,23,23,0,0,0,0,17216000000.0,16688000000.0,23000000.0,23000000.0,0.0,0.0
1762460385.1729887,2,4294967294,0,0,0,0,0,0,0,0,0.0,0.0,0.0,0.0,0.0,0.0
1762460385.1729887,2,1,494,4298,5,46,0,0,0,0,3952000000.0,34384000000.0,5000000.0,46000000.0,0.0,0.0
1762460385.1729887,2,2,2216,2288,24,25,1,0,0,0,17728000000.0,18304000000.0,24000000.0,25000000.0,1000000.0,0.0
1762460385.1729887,2,3,2112,2322,23,25,0,0,0,0,16896000000.0,18576000000.0,23000000.0,25000000.0,0.0,0.0
1762460385.1729887,3,4294967294,0,0,0,0,0,0,0,0,0.0,0.0,0.0,0.0,0.0,0.0
1762460385.1729887,3,1,2086,2152,23,23,1,0,0,0,16688000000.0,17216000000.0,23000000.0,23000000.0,1000000.0,0.0
1762460385.1729887,3,2,2322,2112,25,23,1,0,0,0,18576000000.0,16896000000.0,25000000.0,23000000.0,1000000.0,0.0
1762460387.1819139,1,4294967294,0,0,0,0,0,0,0,0,0.0,0.0,0.0,0.0,0.0,0.0
1762460387.1819139,1,1,2832,177656,32,2029,0,0,0,0,9652.922868777194,690367.1676472574,13.937801171914266,987.0949901394996,0.0,0.0
1762460387.1819139,1,2,92898,87440,1064,998,0,0,0,0,360829.761196329,339381.47630720615,517.1919792006759,484.8363693373034,0.0,0.0
1762460387.1819139,1,3,88296,93798,1007,1075,0,0,0,0,343045.12690096645,365218.1774510289,489.81415547012995,523.6631011733502,0.0,0.0
1762460387.1819139,2,4294967294,0,0,0,0,0,0,0,0,0.0,0.0,0.0,0.0,0.0,0.0
1762460387.1819139,2,1,4428,178146,50,2036,0,0,0,0,15666.088517231636,692302.5308957004,22.400037597719358,990.5794404324782,0.0,0.0
1762460387.1819139,2,2,88476,92898,1010,1064,1,0,0,0,343507.06545409275,360829.761196329,490.8097126966952,517.1919792006759,0.0,0.0
1762460387.1819139,2,3,92096,90682,1055,1035,0,0,0,0,358336.88590100955,351869.7461572413,513.7075289076972,502.7563994154789,0.0,0.0
1762460387.1819139,3,4294967294,0,0,0,0,0,0,0,0,0.0,0.0,0.0,0.0,0.0,0.0
1762460387.1819139,3,1,93798,89664,1075,1023,1,0,0,0,365218.1774510289,348492.81604473176,523.6631011733502,497.7786132826524,0.0,0.0
1762460387.1819139,3,2,90682,92096,1035,1055,1,0,0,0,351869.7461572413,358336.88590100955,502.7563994154789,513.7075289076972,0.0,0.0
1762460389.1887805,3,4294967294,0,0,0,0,0,0,0,0,0.0,0.0,0.0,0.0,0.0,0.0
1762460389.1887805,3,1,323278,315216,3739,3641,1,0,0,0,914779.2456514825,899121.0058182987,1327.4424298498504,1304.5211266317224,0.0,0.0
1762460389.1887805,3,2,319666,319348,3693,3693,1,0,0,0,912802.0341043188,905897.7389436583,1324.452694647486,1314.4869106396043,0.0,0.0
1762460389.1887805,1,4294967294,0,0,0,0,0,0,0,0,0.0,0.0,0.0,0.0,0.0,0.0
1762460389.1887805,1,1,6726,630692,77,7287,0,0,0,0,15522.70517067663,1805943.5695178884,22.423014017733962,2620.0046156721146,0.0,0.0
1762460389.1887805,1,2,322868,316826,3733,3661,0,0,0,0,916732.5393170273,914404.5321727862,1329.9338758518209,1326.9441406494564,0.0,0.0
1762460389.1887805,1,3,315216,323278,3641,3739,0,0,0,0,904574.2828274117,914779.2456514825,1312.493753838028,1327.4424298498504,0.0,0.0
1762460389.1887805,2,4294967294,0,0,0,0,0,0,0,0,0.0,0.0,0.0,0.0,0.0,0.0
1762460389.1887805,2,1,8432,628238,96,7260,0,0,0,0,15961.199667023428,1794207.862270207,22.92130321812805,2603.0627828587158,0.0,0.0
1762460389.1887805,2,2,316826,322868,3661,3733,1,0,0,0,910274.71127992,916732.5393170273,1320.9646702447274,1329.9338758518209,0.0,0.0
1762460389.1887805,2,3,319348,319666,3693,3693,0,0,0,0,905897.7389436583,912802.0341043188,1314.4869106396043,1324.452694647486,0.0,0.0
1762460391.1994212,3,4294967294,0,0,0,0,0,0,0,0,0.0,0.0,0.0,0.0,0.0,0.0
1762460391.1994212,3,1,556962,548180,6457,6349,1,0,0,0,929789.2324974108,926924.4739029065,1351.8079617817023,1346.8344225551325,0.0,0.0
1762460391.1994212,3,2,552294,553008,6397,6411,1,0,0,0,925587.5865588046,929693.7405442607,1344.8450068645045,1351.8079617817023,0.0,0.0
1762460391.1994212,1,4294967294,0,0,0,0,0,0,0,0,0.0,0.0,0.0,0.0,0.0,0.0
1762460391.1994212,1,1,9314,1092450,107,12655,0,0,0,0,10297.215614690347,1837257.220945976,14.92061767970974,2669.795856822729,0.0,0.0
1762460391.1994212,1,2,556522,549250,6451,6363,0,0,0,0,929669.8675559731,924775.9049570283,1351.8079617817023,1343.8502990191905,0.0,0.0
1762460391.1994212,1,3,548180,556962,6349,6457,0,0,0,0,926924.4739029065,929789.2324974108,1346.8344225551325,1351.8079617817023,0.0,0.0
1762460391.1994212,2,4294967294,0,0,0,0,0,0,0,0,0.0,0.0,0.0,0.0,0.0,0.0
1762460391.1994212,2,1,11302,1088910,129,12616,0,0,0,0,11419.24606420452,1832936.210065932,16.412679447680713,2663.8276097508456,0.0,0.0
1762460391.1994212,2,2,549250,556522,6363,6451,1,0,0,0,924775.9049570283,929669.8675559731,1343.8502990191905,1351.8079617817023,0.0,0.0
1762460391.1994212,2,3,553008,552294,6411,6397,0,0,0,0,929693.7405442607,925587.5865588046,1351.8079617817023,1344.8450068645045,0.0,0.0
1762460392.2074144,3,4294967294,0,0,0,0,0,0,0,0,0.0,0.0,0.0,0.0,0.0,0.0
1762460392.2074144,3,1,556962,548180,6457,6349,1,0,0,0,0.0,0.0,0.0,0.0,0.0,0.0
1762460392.2074144,3,2,552294,553008,6397,6411,1,0,0,0,0.0,0.0,0.0,0.0,0.0,0.0
1762460392.2074144,1,4294967294,0,0,0,0,0,0,0,0,0.0,0.0,0.0,0.0,0.0,0.0
1762460392.2074144,1,1,9314,1092450,107,12655,0,0,0,0,0.0,0.0,0.0,0.0,0.0,0.0
1762460392.2074144,1,2,556522,549250,6451,6363,0,0,0,0,0.0,0.0,0.0,0.0,0.0,0.0
1762460392.2074144,1,3,548180,556962,6349,6457,0,0,0,0,0.0,0.0,0.0,0.0,0.0,0.0
1762460392.2074144,2,4294967294,0,0,0,0,0,0,0,0,0.0,0.0,0.0,0.0,0.0,0.0
1762460392.2074144,2,1,11302,1088910,129,12616,0,0,0,0,0.0,0.0,0.0,0.0,0.0,0.0
1762460392.2074144,2,2,549250,556522,6363,6451,1,0,0,0,0.0,0.0,0.0,0.0,0.0,0.0
1762460392.2074144,2,3,553008,552294,6411,6397,0,0,0,0,0.0,0.0,0.0,0.0,0.0,0.0
1762460393.2155604,3,4294967294,0,0,0,0,0,0,0,0,0.0,0.0,0.0,0.0,0.0,0.0
1762460393.2155604,3,1,786008,775940,9128,9005,1,0,0,0,1817562.0530144349,1807357.1823763247,2649.4177171842966,2634.538920569634,0.0,0.0
1762460393.2155604,3,2,780750,780836,9061,9068,1,0,0,0,1812880.1916796875,1807896.7867335498,2642.4742787641208,2635.530840343945,0.0,0.0
1762460393.2155604,1,4294967294,0,0,0,0,0,0,0,0,0.0,0.0,0.0,0.0,0.0,0.0
1762460393.2155604,1,1,11402,1545646,131,17939,0,0,0,0,16569.027910088542,3596272.592308662,23.806074583460546,5241.304087458564,0.0,0.0
1762460393.2155604,1,2,785006,777324,9115,9023,0,0,0,0,1813102.3817091333,1809848.8848493935,2642.4742787641208,2638.5065996668773,0.0,0.0
1762460393.2155604,1,3,775940,786008,9005,9128,0,0,0,0,1807357.1823763247,1817562.0530144349,2634.538920569634,2649.4177171842966,0.0,0.0
1762460393.2155604,2,4294967294,0,0,0,0,0,0,0,0,0.0,0.0,0.0,0.0,0.0,0.0
1762460393.2155604,2,1,13586,1541806,155,17897,0,0,0,0,18124.35811620796,3593891.984850316,25.78991413208226,5238.328328135631,0.0,0.0
1762460393.2155604,2,2,777324,785006,9023,9115,1,0,0,0,1809848.8848493935,1813102.3817091333,2638.5065996668773,2642.4742787641208,0.0,0.0
1762460393.2155604,2,3,780836,780750,9068,9061,0,0,0,0,1807896.7867335498,1812880.1916796875,2635.530840343945,2642.4742787641208,0.0,0.0
1762460394.2214344,3,4294967294,0,0,0,0,0,0,0,0,0.0,0.0,0.0,0.0,0.0,0.0
1762460394.2214344,3,1,786008,775940,9128,9005,1,0,0,0,0.0,0.0,0.0,0.0,0.0,0.0
1762460394.2214344,3,2,780750,780836,9061,9068,1,0,0,0,0.0,0.0,0.0,0.0,0.0,0.0
1762460394.2214344,1,4294967294,0,0,0,0,0,0,0,0,0.0,0.0,0.0,0.0,0.0,0.0
1762460394.2214344,1,1,11402,1545646,131,17939,0,0,0,0,0.0,0.0,0.0,0.0,0.0,0.0
1762460394.2214344,1,2,785006,777324,9115,9023,0,0,0,0,0.0,0.0,0.0,0.0,0.0,0.0
1762460394.2214344,1,3,775940,786008,9005,9128,0,0,0,0,0.0,0.0,0.0,0.0,0.0,0.0
1762460394.2214344,2,4294967294,0,0,0,0,0,0,0,0,0.0,0.0,0.0,0.0,0.0,0.0
1762460394.2214344,2,1,13586,1541806,155,17897,0,0,0,0,0.0,0.0,0.0,0.0,0.0,0.0
1762460394.2214344,2,2,777324,785006,9023,9115,1,0,0,0,0.0,0.0,0.0,0.0,0.0,0.0
1762460394.2214344,2,3,780836,780750,9068,9061,0,0,0,0,0.0,0.0,0.0,0.0,0.0,0.0
1762460395.2255127,3,4294967294,0,0,0,0,0,0,0,0,0.0,0.0,0.0,0.0,0.0,0.0
1762460395.2255127,3,1,1014662,1004818,11794,11673,1,0,0,0,1821801.9842589537,1823586.7054729888,2655.1711811483565,2657.1630575033064,0.0,0.0
1762460395.2255127,3,2,1009354,1010912,11726,11750,1,0,0,0,1821403.6089879638,1833131.7769659092,2654.1752429708813,2671.1061919879567,0.0,0.0
1762460395.2255127,1,4294967294,0,0,0,0,0,0,0,0,0.0,0.0,0.0,0.0,0.0,0.0
1762460395.2255127,1,1,13146,2000608,151,23242,0,0,0,0,13895.329452131235,3624912.2008030564,19.91876354950005,5281.460155149938,0.0,0.0
1762460395.2255127,1,2,1014456,1006532,11790,11695,0,0,0,0,1828144.1185731145,1826215.982261523,2664.1346247456313,2661.1468102132067,0.0,0.0
1762460395.2255127,1,3,1004818,1014662,11673,11794,0,0,0,0,1823586.7054729888,1821801.9842589537,2657.1630575033064,2655.1711811483565,0.0,0.0
1762460395.2255127,2,4294967294,0,0,0,0,0,0,0,0,0.0,0.0,0.0,0.0,0.0,0.0
1762460395.2255127,2,1,15526,1996188,177,23194,0,0,0,0,15456.960514412038,3620291.0476595727,21.910639904450054,5275.484526085088,0.0,0.0
1762460395.2255127,2,2,1006532,1014456,11695,11790,1,0,0,0,1826215.982261523,1828144.1185731145,2661.1468102132067,2664.1346247456313,0.0,0.0
1762460395.2255127,2,3,1010912,1009354,11750,11726,0,0,0,0,1833131.7769659092,1821403.6089879638,2671.1061919879567,2654.1752429708813,0.0,0.0
1762460396.2339444,3,4294967294,0,0,0,0,0,0,0,0,0.0,0.0,0.0,0.0,0.0,0.0
1762460396.2339444,3,1,1014662,1004818,11794,11673,1,0,0,0,0.0,0.0,0.0,0.0,0.0,0.0
1762460396.2339444,3,2,1009354,1010912,11726,11750,1,0,0,0,0.0,0.0,0.0,0.0,0.0,0.0
1762460396.2339444,1,4294967294,0,0,0,0,0,0,0,0,0.0,0.0,0.0,0.0,0.0,0.0
1762460396.2339444,1,1,13146,2000608,151,23242,0,0,0,0,0.0,0.0,0.0,0.0,0.0,0.0
1762460396.2339444,1,2,1014456,1006532,11790,11695,0,0,0,0,0.0,0.0,0.0,0.0,0.0,0.0
1762460396.2339444,1,3,1004818,1014662,11673,11794,0,0,0,0,0.0,0.0,0.0,0.0,0.0,0.0
1762460396.2339444,2,4294967294,0,0,0,0,0,0,0,0,0.0,0.0,0.0,0.0,0.0,0.0
1762460396.2339444,2,1,15526,1996188,177,23194,0,0,0,0,0.0,0.0,0.0,0.0,0.0,0.0
1762460396.2339444,2,2,1006532,1014456,11695,11790,1,0,0,0,0.0,0.0,0.0,0.0,0.0,0.0
1762460396.2339444,2,3,1010912,1009354,11750,11726,0,0,0,0,0.0,0.0,0.0,0.0,0.0,0.0
1762460397.2413826,3,4294967294,0,0,0,0,0,0,0,0,0.0,0.0,0.0,0.0,0.0,0.0
1762460397.2413826,3,1,1245310,1233250,14482,14335,1,0,0,0,1831560.5180014113,1813963.4085190352,2668.1537843314236,2642.345749215123,0.0,0.0
1762460397.2413826,3,2,1238818,1239566,14400,14415,1,0,0,0,1822158.452285196,1815726.2958408257,2654.257150038031,2645.32359942085,0.0,0.0
1762460397.2413826,1,4294967294,0,0,0,0,0,0,0,0,0.0,0.0,0.0,0.0,0.0,0.0
1762460397.2413826,1,1,14718,2456164,169,28550,0,0,0,0,12483.148062407732,3617540.0755204945,17.867101234362213,5268.809630666368,0.0,0.0
1762460397.2413826,1,2,1243870,1234604,14463,14353,0,0,0,0,1821761.405591099,1811104.6723215373,2653.2645333027885,2638.3752822741535,0.0,0.0
1762460397.2413826,1,3,1232562,1244450,14327,14472,0,0,0,0,1808500.0460082612,1824731.3148629442,2634.404815333184,2658.2276169790002,0.0,0.0
1762460397.2413826,2,4294967294,0,0,0,0,0,0,0,0,0.0,0.0,0.0,0.0,0.0,0.0
1762460397.2413826,2,1,17294,2451028,197,28494,0,0,0,0,14039.57110326773,3611854.3668610263,19.852334704846903,5260.86869678443,0.0,0.0
1762460397.2413826,2,2,1234604,1243870,14353,14463,1,0,0,0,1811104.6723215373,1821761.405591099,2638.3752822741535,2653.2645333027885,0.0,0.0
1762460397.2413826,2,3,1238878,1238404,14407,14395,0,0,0,0,1810262.9333300516,1818870.9056580733,2637.382665538911,2649.294066361819,0.0,0.0
1762460399.2487586,3,4294967294,0,0,0,0,0,0,0,0,0.0,0.0,0.0,0.0,0.0,0.0
1762460399.2487586,3,1,1471292,1460700,17117,16986,1,0,0,0,900606.582923899,906457.0066909791,1312.6589429713838,1320.6295475586865,0.0,0.0
1762460399.2487586,3,2,1465330,1466450,17040,17061,1,0,0,0,902718.7931395343,904201.3255927726,1315.1497569049159,1318.1387336251544,0.0,0.0
1762460399.2487586,1,4294967294,0,0,0,0,0,0,0,0,0.0,0.0,0.0,0.0,0.0,0.0
1762460399.2487586,1,1,16290,2908148,187,33818,0,0,0,0,6264.895205619781,1801292.871893671,8.966930160715336,2624.3215603693548,0.0,0.0
1762460399.2487586,1,2,1471158,1462128,17113,17005,0,0,0,0,905811.3877194077,906751.9190607093,1320.13138477198,1321.1277103453929,0.0,0.0
1762460399.2487586,1,3,1460700,1471292,16986,17117,0,0,0,0,909198.8946690112,904033.9428964392,1324.6148498523376,1317.640570838448,0.0,0.0
1762460399.2487586,2,4294967294,0,0,0,0,0,0,0,0,0.0,0.0,0.0,0.0,0.0,0.0
1762460399.2487586,2,1,18976,2902494,216,33757,0,0,0,0,6703.278457921419,1799228.4853055598,9.465092947421743,2621.8307464358227,0.0,0.0
1762460399.2487586,2,2,1462128,1471158,17005,17113,1,0,0,0,906751.9190607093,905811.3877194077,1321.1277103453929,1320.13138477198,0.0,0.0
1762460399.2487586,2,3,1466450,1465330,17061,17040,0,0,0,0,906943.2135708046,904368.7082891059,1322.1240359188055,1317.640570838448,0.0,0.0
1762460402.2601538,3,4294967294,0,0,0,0,0,0,0,0,0.0,0.0,0.0,0.0,0.0,0.0
1762460402.2601538,3,1,1700440,1688044,19793,19640,1,0,0,0,608749.0576684267,603956.5947185695,888.6246434186146,881.3190596535886,0.0,0.0
1762460402.2601538,3,2,1693812,1694172,19707,19720,1,0,0,0,606979.7781093331,604960.7804142714,885.6359955147403,882.9794196001855,0.0,0.0
1762460402.2601538,1,4294967294,0,0,0,0,0,0,0,0,0.0,0.0,0.0,0.0,0.0,0.0
1762460402.2601538,1,1,17760,3362162,204,39118,0,0,0,0,3905.1665943957055,1206122.657270729,5.645223818429166,1759.9815433926224,0.0,0.0
1762460402.2601538,1,2,1699414,1689616,19778,19661,0,0,0,0,606379.3919526436,604339.1416502655,884.9718515361017,881.9832036322274,0.0,0.0
1762460402.2601538,1,3,1688044,1700440,19640,19793,0,0,0,0,603956.5947185695,608749.0576684267,881.3190596535886,888.6246434186146,0.0,0.0
1762460402.2601538,2,4294967294,0,0,0,0,0,0,0,0,0.0,0.0,0.0,0.0,0.0,0.0
1762460402.2601538,2,1,20556,3356188,234,39053,0,0,0,0,4197.389944996745,1205272.5529780716,5.977295807748529,1758.653255435345,0.0,0.0
1762460402.2601538,2,2,1689616,1699414,19661,19778,1,0,0,0,604339.1416502655,606379.3919526436,881.9832036322274,884.9718515361017,0.0,0.0
1762460402.2601538,2,3,1694172,1693812,19720,19707,0,0,0,0,604960.7804142714,606979.7781093331,882.9794196001855,885.6359955147403,0.0,0.0
1762460404.2669954,3,4294967294,0,0,0,0,0,0,0,0,0.0,0.0,0.0,0.0,0.0,0.0
1762460404.2669954,3,1,1927382,1914658,22442,22286,1,0,0,0,904673.2667542957,903365.739582175,1319.9845575257825,1318.489671277169,0.0,0.0
1762460404.2669954,3,2,1920950,1921084,22359,22369,1,0,0,0,905454.5939669043,904553.6758544066,1321.4794437743963,1319.9845575257825,0.0,0.0
1762460404.2669954,1,4294967294,0,0,0,0,0,0,0,0,0.0,0.0,0.0,0.0,0.0,0.0
1762460404.2669954,1,1,18988,3814362,218,44396,0,0,0,0,4895.254168793238,1802633.497661484,6.976135826863328,2630.0032067274747,0.0,0.0
1762460404.2669954,1,2,1926640,1916746,22431,22313,0,0,0,0,905805.3939399123,905422.7030602673,1321.9777391906007,1321.4794437743963,0.0,0.0
1762460404.2669954,1,3,1914658,1927382,22286,22442,0,0,0,0,903365.739582175,904673.2667542957,1318.489671277169,1319.9845575257825,0.0,0.0
1762460404.2669954,2,4294967294,0,0,0,0,0,0,0,0,0.0,0.0,0.0,0.0,0.0,0.0
1762460404.2669954,2,1,22152,3807736,252,44325,0,0,0,0,6362.235874099355,1800034.3887705612,8.969317491681421,2627.0134342302476,0.0,0.0
1762460404.2669954,2,2,1916746,1926640,22313,22431,1,0,0,0,905422.7030602673,905805.3939399123,1321.4794437743963,1321.9777391906007,0.0,0.0
1762460404.2669954,2,3,1921084,1920950,22369,22359,0,0,0,0,904553.6758544066,905454.5939669043,1319.9845575257825,1321.4794437743963,0.0,0.0
1762460405.2732925,3,4294967294,0,0,0,0,0,0,0,0,0.0,0.0,0.0,0.0,0.0,0.0
1762460405.2732925,3,1,2151722,2142570,25061,24946,1,0,0,0,1783489.1698185806,1811886.3496108244,2602.6110678851646,2643.354501937586,0.0,0.0
1762460405.2732925,3,2,2146974,2147084,24997,25007,1,0,0,0,1796876.8660028297,1796686.0674823893,2621.492171470433,2621.492171470433,0.0,0.0
1762460405.2732925,1,4294967294,0,0,0,0,0,0,0,0,0.0,0.0,0.0,0.0,0.0,0.0
1762460405.2732925,1,1,20216,4264398,232,49648,0,0,0,0,9762.524295877762,3577758.4560420555,13.912392115460978,5219.13452788579,0.0,0.0
1762460405.2732925,1,2,2152336,2144122,25065,24967,0,0,0,0,1794269.286223475,1807625.1826543175,2617.517202294587,2637.392048173817,0.0,0.0
1762460405.2732925,1,3,2142570,2151722,24946,25061,0,0,0,0,1811886.3496108244,1783489.1698185806,2643.354501937586,2602.6110678851646,0.0,0.0
1762460405.2732925,2,4294967294,0,0,0,0,0,0,0,0,0.0,0.0,0.0,0.0,0.0,0.0
1762460405.2732925,2,1,23576,4257134,268,49570,0,0,0,0,11320.71221280939,3572686.395373676,15.899876703383976,5212.1783318280595,0.0,0.0
1762460405.2732925,2,2,2144122,2152336,24967,25065,1,0,0,0,1807625.1826543175,1794269.286223475,2637.392048173817,2617.517202294587,0.0,0.0
1762460405.2732925,2,3,2147084,2146974,25007,24997,0,0,0,0,1796686.0674823893,1796876.8660028297,2621.492171470433,2621.492171470433,0.0,0.0
1762460406.2813556,3,4294967294,0,0,0,0,0,0,0,0,0.0,0.0,0.0,0.0,0.0,0.0
1762460406.2813556,3,1,2151722,2142570,25061,24946,1,0,0,0,0.0,0.0,0.0,0.0,0.0,0.0
1762460406.2813556,3,2,2146974,2147084,24997,25007,1,0,0,0,0.0,0.0,0.0,0.0,0.0,0.0
1762460406.2813556,1,4294967294,0,0,0,0,0,0,0,0,0.0,0.0,0.0,0.0,0.0,0.0
1762460406.2813556,1,1,20216,4264398,232,49648,0,0,0,0,0.0,0.0,0.0,0.0,0.0,0.0
1762460406.2813556,1,2,2152336,2144122,25065,24967,0,0,0,0,0.0,0.0,0.0,0.0,0.0,0.0
1762460406.2813556,1,3,2142570,2151722,24946,25061,0,0,0,0,0.0,0.0,0.0,0.0,0.0,0.0
1762460406.2813556,2,4294967294,0,0,0,0,0,0,0,0,0.0,0.0,0.0,0.0,0.0,0.0
1762460406.2813556,2,1,23576,4257134,268,49570,0,0,0,0,0.0,0.0,0.0,0.0,0.0,0.0
1762460406.2813556,2,2,2144122,2152336,24967,25065,1,0,0,0,0.0,0.0,0.0,0.0,0.0,0.0
1762460406.2813556,2,3,2147084,2146974,25007,24997,0,0,0,0,0.0,0.0,0.0,0.0,0.0,0.0
1762460408.291168,3,4294967294,0,0,0,0,0,0,0,0,0.0,0.0,0.0,0.0,0.0,0.0
1762460408.291168,3,1,2378074,2368498,27703,27582,1,0,0,0,900987.59491535,899299.8751680355,1314.550581487216,1311.5652281605985,0.0,0.0
1762460408.291168,3,2,2374250,2371962,27649,27632,1,0,0,0,904665.5502137427,895120.3805107711,1319.5261703649116,1306.0920803951333,0.0,0.0
1762460408.291168,1,4294967294,0,0,0,0,0,0,0,0,0.0,0.0,0.0,0.0,0.0,0.0
1762460408.291168,1,1,21444,4714760,246,54903,0,0,0,0,4888.018513448301,1792652.926509449,6.965824428774044,2614.6719552291142,0.0,0.0
1762460408.291168,1,2,2377486,2369912,27692,27602,0,0,0,0,896203.0686505577,898750.5701559379,1307.0871981706723,1311.0676692728289,0.0,0.0
1762460408.291168,1,3,2368498,2378074,27582,27703,0,0,0,0,899299.8751680355,900987.59491535,1311.5652281605985,1314.550581487216,0.0,0.0
1762460408.291168,2,4294967294,0,0,0,0,0,0,0,0,0.0,0.0,0.0,0.0,0.0,0.0
1762460408.291168,2,1,24914,4706914,283,54818,0,0,0,0,5325.870334685526,1790336.292327994,7.463383316543618,2611.1890430147273,0.0,0.0
1762460408.291168,2,2,2369912,2377486,27602,27692,1,0,0,0,898750.5701559379,896203.0686505577,1311.0676692728289,1307.0871981706723,0.0,0.0
1762460408.291168,2,3,2371962,2374250,27632,27649,0,0,0,0,895120.3805107711,904665.5502137427,1306.0920803951333,1319.5261703649116,0.0,0.0
1762460409.2981174,3,4294967294,0,0,0,0,0,0,0,0,0.0,0.0,0.0,0.0,0.0,0.0
1762460409.2981174,3,1,2601798,2592932,30313,30201,1,0,0,0,1777439.815763977,1783080.6154510577,2591.987180155001,2600.9250669831217,0.0,0.0
1762460409.2981174,3,2,2598622,2596386,30267,30250,1,0,0,0,1782588.0385769745,1783001.167568141,2599.931968446664,2599.931968446664,0.0,0.0
1762460409.2981174,1,4294967294,0,0,0,0,0,0,0,0,0.0,0.0,0.0,0.0,0.0,0.0
1762460409.2981174,1,1,22500,5161518,258,60115,0,0,0,0,8389.696435995958,3549397.7276067063,11.917182437494258,5176.029572018339,0.0,0.0
1762460409.2981174,1,2,2601420,2594628,30306,30224,0,0,0,0,1779108.2213052262,1785321.0457493064,2595.9595743008326,2603.9043625924955,0.0,0.0
1762460409.2981174,1,3,2592932,2601798,30201,30313,0,0,0,0,1783080.6154510577,1777439.815763977,2600.9250669831217,2591.987180155001,0.0,0.0
1762460409.2981174,2,4294967294,0,0,0,0,0,0,0,0,0.0,0.0,0.0,0.0,0.0,0.0
1762460409.2981174,2,1,26252,5153308,298,60027,0,0,0,0,10630.12673424488,3546505.824668541,14.896478046867824,5173.050276408966,0.0,0.0
1762460409.2981174,2,2,2594628,2601420,30224,30306,1,0,0,0,1785321.0457493064,1779108.2213052262,2603.9043625924955,2595.9595743008326,0.0,0.0
1762460409.2981174,2,3,2596386,2598622,30250,30267,0,0,0,0,1783001.167568141,1782588.0385769745,2599.931968446664,2599.931968446664,0.0,0.0
1762460412.3104813,3,4294967294,0,0,0,0,0,0,0,0,0.0,0.0,0.0,0.0,0.0,0.0
1762460412.3104813,3,1,2826018,2817282,32929,32818,1,0,0,0,595465.9042499389,595811.1480620542,868.4209735515566,868.7529387555136,0.0,0.0
1762460412.3104813,3,2,2823754,2819216,32893,32850,1,0,0,0,597887.9223780093,591774.4511819368,871.7406255911267,863.1095302882443,0.0,0.0
1762460412.3104813,1,4294967294,0,0,0,0,0,0,0,0,0.0,0.0,0.0,0.0,0.0,0.0
1762460412.3104813,1,1,23556,5608932,270,65334,0,0,0,0,2804.4420430288797,1188207.0381057984,3.983582447484204,1732.5263994516718,0.0,0.0
1762460412.3104813,1,2,2825786,2819494,32923,32848,0,0,0,0,595853.6396081607,597181.5004239887,868.7529387555136,871.0766951832127,0.0,0.0
1762460412.3104813,1,3,2817282,2826018,32818,32929,0,0,0,0,595811.1480620542,595465.9042499389,868.7529387555136,868.4209735515566,0.0,0.0
1762460412.3104813,2,4294967294,0,0,0,0,0,0,0,0,0.0,0.0,0.0,0.0,0.0,0.0
1762460412.3104813,2,1,27504,5600360,312,65242,0,0,0,0,3324.9634828334824,1187245.666875139,4.647512855398238,1731.1985386358438,0.0,0.0
1762460412.3104813,2,2,2819494,2825786,32848,32923,1,0,0,0,597181.5004239887,595853.6396081607,871.0766951832127,868.7529387555136,0.0,0.0
1762460412.3104813,2,3,2819216,2823754,32850,32893,0,0,0,0,591774.4511819368,597887.9223780093,863.1095302882443,871.7406255911267,0.0,0.0
1762460416.3256495,3,4294967294,0,0,0,0,0,0,0,0,0.0,0.0,0.0,0.0,0.0,0.0
1762460416.3256495,3,1,3271996,3265176,38133,38044,1,0,0,0,888586.4380186351,892403.9617871701,1296.0851834196355,1301.5644059475433,0.0,0.0
1762460416.3256495,3,2,3271468,3265536,38117,38058,1,0,0,0,892045.3217671617,889267.8540566514,1301.0662948086426,1297.0814056974368,0.0,0.0
1762460416.3256495,1,4294967294,0,0,0,0,0,0,0,0,0.0,0.0,0.0,0.0,0.0,0.0
1762460416.3256495,1,1,25668,6498638,294,75713,0,0,0,0,4208.042901433159,1772689.875787164,5.977333666808465,2584.947755325211,0.0,0.0
1762460416.3256495,1,2,3271138,3266100,38119,38059,0,0,0,0,887339.1677268278,889837.6931995538,1294.0927388640328,1297.828572405788,0.0,0.0
1762460416.3256495,1,3,3265176,3271996,38044,38133,0,0,0,0,892403.9617871701,888586.4380186351,1301.5644059475433,1296.0851834196355,0.0,0.0
1762460416.3256495,2,4294967294,0,0,0,0,0,0,0,0,0.0,0.0,0.0,0.0,0.0,0.0
1762460416.3256495,2,1,30008,6488836,340,75608,0,0,0,0,4989.081167229465,1770239.1689837726,6.973555944609876,2581.7100329223563,0.0,0.0
1762460416.3256495,2,2,3266100,3271138,38059,38119,1,0,0,0,889837.6931995538,887339.1677268278,1297.828572405788,1294.0927388640328,0.0,0.0
1762460416.3256495,2,3,3265536,3271468,38058,38117,0,0,0,0,889267.8540566514,892045.3217671617,1297.0814056974368,1301.0662948086426,0.0,0.0
1762460419.335756,3,4294967294,0,0,0,0,0,0,0,0,0.0,0.0,0.0,0.0,0.0,0.0
1762460419.335756,3,1,3714724,3711624,43303,43256,1,0,0,0,1176644.0573457966,1186530.7505147995,1717.547166792525,1731.500161184263,0.0,0.0
1762460419.335756,3,2,3715860,3709874,43305,43247,1,0,0,0,1181066.492139673,1180922.9756259297,1723.5270215318415,1723.8592356840256,0.0,0.0
1762460419.335756,1,4294967294,0,0,0,0,0,0,0,0,0.0,0.0,0.0,0.0,0.0,0.0
1762460419.335756,1,1,27678,7383922,317,86048,0,0,0,0,5342.003567122592,2352830.9880181877,7.640925500237539,3433.433262824129,0.0,0.0
1762460419.335756,1,2,3714780,3711542,43299,43260,0,0,0,0,1179073.2072265677,1183857.0910180209,1720.8693083143673,1727.8458055102365,0.0,0.0
1762460419.335756,1,3,3711624,3714724,43256,43303,0,0,0,0,1186530.7505147995,1176644.0573457966,1731.500161184263,1717.547166792525,0.0,0.0
1762460419.335756,2,4294967294,0,0,0,0,0,0,0,0,0.0,0.0,0.0,0.0,0.0,0.0
1762460419.335756,2,1,32324,7373150,366,85932,0,0,0,0,6155.263811669614,2350253.006197238,8.637567956790262,3429.7789071501024,0.0,0.0
1762460419.335756,2,2,3711542,3714780,43260,43299,1,0,0,0,1183857.0910180209,1179073.2072265677,1727.8458055102365,1720.8693083143673,0.0,0.0
1762460419.335756,2,3,3709874,3715860,43247,43305,0,0,0,0,1180922.9756259297,1181066.492139673,1723.8592356840256,1723.5270215318415,0.0,0.0
1762460426.3571923,3,4294967294,0,0,0,0,0,0,0,0,0.0,0.0,0.0,0.0,0.0,0.0
1762460426.3571923,3,1,4377834,4376398,51047,51018,1,0,0,0,755526.3393385095,757422.2477528892,1102.908260288153,1105.4718383725005,0.0,0.0
1762460426.3571923,3,2,4380590,4373192,51067,50993,1,0,0,0,757372.1155592396,755763.327890307,1105.4718383725005,1103.193102297525,0.0,0.0
1762460426.3571923,1,4294967294,0,0,0,0,0,0,0,0,0.0,0.0,0.0,0.0,0.0,0.0
1762460426.3571923,1,1,30416,8707856,348,101505,0,0,0,0,3119.589686641491,1508448.083343322,4.415051145265076,2201.4014694310413,0.0,0.0
1762460426.3571923,1,2,4378578,4375806,51050,51017,0,0,0,0,756310.2245483011,756841.1700537704,1103.9052073209548,1104.7597333490708,0.0,0.0
1762460426.3571923,1,3,4376398,4377834,51018,51047,0,0,0,0,757422.2477528892,755526.3393385095,1105.4718383725005,1102.908260288153,0.0,0.0
1762460426.3571923,2,4294967294,0,0,0,0,0,0,0,0,0.0,0.0,0.0,0.0,0.0,0.0
1762460426.3571923,2,1,35650,8695450,403,101372,0,0,0,0,3789.5380926842945,1506586.355970067,5.269577173380897,2198.98031235138,0.0,0.0
1762460426.3571923,2,2,4375806,4378578,51017,51050,1,0,0,0,756841.1700537704,756310.2245483011,1104.7597333490708,1103.9052073209548,0.0,0.0
1762460426.3571923,2,3,4373192,4380590,50993,51067,0,0,0,0,755763.327890307,757372.1155592396,1103.193102297525,1105.4718383725005,0.0,0.0
1762460428.363608,3,4294967294,0,0,0,0,0,0,0,0,0.0,0.0,0.0,0.0,0.0,0.0
1762460428.363608,3,1,4596942,4598630,53605,53612,1,0,0,0,873629.5686475353,886085.61211676,1274.9103390795835,1292.852783257404,0.0,0.0
1762460428.363608,3,2,4603392,4591976,53668,53547,1,0,0,0,888358.3217126173,872337.7126667321,1296.341591847536,1272.916734170937,0.0,0.0
1762460428.363608,2,4294967294,0,0,0,0,0,0,0,0,0.0,0.0,0.0,0.0,0.0,0.0
1762460428.363608,2,1,36730,9138306,415,106542,0,0,0,0,4306.186602676936,1765759.7908473122,5.9808147259401885,2576.734344425898,0.0,0.0
1762460428.363608,2,2,4595160,4600274,53578,53638,1,0,0,0,874610.4222625894,883948.4676546907,1276.4055427610685,1289.862375894434,0.0,0.0
1762460428.363608,2,3,4591976,4603392,53547,53668,0,0,0,0,872337.7126667321,888358.3217126173,1272.916734170937,1296.341591847536,0.0,0.0
1762460428.363608,1,4294967294,0,0,0,0,0,0,0,0,0.0,0.0,0.0,0.0,0.0,0.0
1762460428.363608,1,1,31214,9145614,357,106615,0,0,0,0,3181.7934342001804,1745432.9951987502,4.485611044455141,2546.830270796197,0.0,0.0
1762460428.363608,1,2,4600274,4595160,53638,53578,0,0,0,0,883948.4676546907,874610.4222625894,1289.862375894434,1276.4055427610685,0.0,0.0
1762460428.363608,1,3,4598630,4596942,53612,53605,0,0,0,0,886085.61211676,873629.5686475353,1292.852783257404,1274.9103390795835,0.0,0.0
1762460429.369079,3,4294967294,0,0,0,0,0,0,0,0,0.0,0.0,0.0,0.0,0.0,0.0
1762460429.369079,3,1,4816844,4817476,56172,56167,1,0,0,0,1749643.2998701525,1741241.2693080707,2553.031777090864,2541.097074587907,0.0,0.0
1762460429.369079,3,2,4822404,4811690,56224,56112,1,0,0,0,1742562.0430517313,1748147.4838231152,2542.09163312982,2551.0426600070377,0.0,0.0
1762460429.369079,2,4294967294,0,0,0,0,0,0,0,0,0.0,0.0,0.0,0.0,0.0,0.0
1762460429.369079,2,1,37810,9575888,427,111650,0,0,0,0,8592.98580212897,3481607.327099258,11.934702502956902,5080.205032091988,0.0,0.0
1762460429.369079,2,2,4814700,4820720,56141,56212,1,0,0,0,1746763.0583327722,1753971.6186445581,2549.053542923212,2559.9936868842556,0.0,0.0
1762460429.369079,2,3,4811690,4822404,56112,56224,0,0,0,0,1748147.4838231152,1742562.0430517313,2551.0426600070377,2542.09163312982,0.0,0.0
1762460429.369079,1,4294967294,0,0,0,0,0,0,0,0,0.0,0.0,0.0,0.0,0.0,0.0
1762460429.369079,1,1,32098,9583888,367,111730,0,0,0,0,7033.518008409267,3487113.2031872887,9.945585419130751,5087.166941885379,0.0,0.0
1762460429.369079,1,2,4820720,4814700,56212,56141,0,0,0,0,1753971.6186445581,1746763.0583327722,2559.9936868842556,2549.053542923212,0.0,0.0
1762460429.369079,1,3,4817476,4816844,56167,56172,0,0,0,0,1741241.2693080707,1749643.2998701525,2541.097074587907,2553.031777090864,0.0,0.0
1762460430.3778949,3,4294967294,0,0,0,0,0,0,0,0,0.0,0.0,0.0,0.0,0.0,0.0
1762460430.3778949,3,1,4816844,4817476,56172,56167,1,0,0,0,0.0,0.0,0.0,0.0,0.0,0.0
1762460430.3778949,3,2,4822404,4811690,56224,56112,1,0,0,0,0.0,0.0,0.0,0.0,0.0,0.0
1762460430.3778949,2,4294967294,0,0,0,0,0,0,0,0,0.0,0.0,0.0,0.0,0.0,0.0
1762460430.3778949,2,1,37810,9575888,427,111650,0,0,0,0,0.0,0.0,0.0,0.0,0.0,0.0
1762460430.3778949,2,2,4814700,4820720,56141,56212,1,0,0,0,0.0,0.0,0.0,0.0,0.0,0.0
1762460430.3778949,2,3,4811690,4822404,56112,56224,0,0,0,0,0.0,0.0,0.0,0.0,0.0,0.0
1762460430.3778949,1,4294967294,0,0,0,0,0,0,0,0,0.0,0.0,0.0,0.0,0.0,0.0
1762460430.3778949,1,1,32098,9583888,367,111730,0,0,0,0,0.0,0.0,0.0,0.0,0.0,0.0
1762460430.3778949,1,2,4820720,4814700,56212,56141,0,0,0,0,0.0,0.0,0.0,0.0,0.0,0.0
1762460430.3778949,1,3,4817476,4816844,56167,56172,0,0,0,0,0.0,0.0,0.0,0.0,0.0,0.0
1762460434.3878815,3,4294967294,0,0,0,0,0,0,0,0,0.0,0.0,0.0,0.0,0.0,0.0
1762460434.3878815,3,1,5257946,5257588,61322,61304,1,0,0,0,880006.9221327677,878031.8532078672,1284.2935559643104,1281.051649900711,0.0,0.0
1762460434.3878815,3,2,5263548,5251558,61373,61247,1,0,0,0,880090.7129356423,877545.0685435483,1284.0441785748028,1280.5528951216959,0.0,0.0
1762460434.3878815,2,4294967294,0,0,0,0,0,0,0,0,0.0,0.0,0.0,0.0,0.0,0.0
1762460434.3878815,2,1,39798,10454106,449,121899,0,0,0,0,3966.0980027293963,1752061.698068916,5.486302569167927,2555.8688650637314,0.0,0.0
1762460434.3878815,2,2,5255192,5261544,61283,61356,1,0,0,0,878789.9604719705,879452.3068185027,1282.2985368482493,1282.7972916272645,0.0,0.0
1762460434.3878815,2,3,5251558,5263548,61247,61373,0,0,0,0,877545.0685435483,880090.7129356423,1280.5528951216959,1284.0441785748028,0.0,0.0
1762460434.3878815,1,4294967294,0,0,0,0,0,0,0,0,0.0,0.0,0.0,0.0,0.0,0.0
1762460434.3878815,1,1,33780,10463402,386,121995,0,0,0,0,3355.6221532147106,1754647.242843331,4.7381704006450285,2559.8589032958535,0.0,0.0
1762460434.3878815,1,2,5261544,5255192,61356,61283,0,0,0,0,879452.3068185027,878789.9604719705,1282.7972916272645,1282.2985368482493,0.0,0.0
1762460434.3878815,1,3,5257588,5257946,61304,61322,0,0,0,0,878031.8532078672,880006.9221327677,1281.051649900711,1284.2935559643104,0.0,0.0
1762460437.4005485,3,4294967294,0,0,0,0,0,0,0,0,0.0,0.0,0.0,0.0,0.0,0.0
1762460437.4005485,3,1,5700200,5698252,66483,66446,1,0,0,0,1174385.3766957547,1170163.2040326556,1713.1000875986394,1706.7933831490418,0.0,0.0
1762460437.4005485,3,2,5705974,5692688,66536,66396,1,0,0,0,1174842.1148706307,1171400.6458320292,1713.763951224913,1709.1169058409987,0.0,0.0
1762460437.4005485,2,4294967294,0,0,0,0,0,0,0,0,0.0,0.0,0.0,0.0,0.0,0.0
1762460437.4005485,2,1,41872,11334596,472,132174,0,0,0,0,5507.412643564547,2338101.1371900425,7.634431702144683,3410.599379979853,0.0,0.0
1762460437.4005485,2,2,5696496,5703268,66433,66511,1,0,0,0,1171862.6949159156,1172977.985808055,1709.4488376541356,1711.1084967198192,0.0,0.0
1762460437.4005485,2,3,5692688,5705974,66396,66536,0,0,0,0,1171400.6458320292,1174842.1148706307,1709.1169058409987,1713.763951224913,0.0,0.0
1762460437.4005485,1,4294967294,0,0,0,0,0,0,0,0,0.0,0.0,0.0,0.0,0.0,0.0
1762460437.4005485,1,1,35376,11344988,404,132281,0,0,0,0,4238.105390129709,2341011.515327625,5.974772636461056,3414.250629924357,0.0,0.0
1762460437.4005485,1,2,5703268,5696496,66511,66433,0,0,0,0,1172977.985808055,1171862.6949159156,1711.1084967198192,1709.4488376541356,0.0,0.0
1762460437.4005485,1,3,5698252,5700200,66446,66483,0,0,0,0,1170163.2040326556,1174385.3766957547,1706.7933831490418,1713.1000875986394,0.0,0.0
1762460440.41274,3,4294967294,0,0,0,0,0,0,0,0,0.0,0.0,0.0,0.0,0.0,0.0
1762460440.41274,3,1,5921258,5919344,69062,69026,1,0,0,0,587102.1082204301,587192.4079231302,856.1872546461161,856.5192388472198,0.0,0.0
1762460440.41274,3,2,5928142,5913412,69128,68971,1,0,0,0,590050.1279262298,586215.0464350813,860.5030492604626,854.8593178417019,0.0,0.0
1762460440.41274,2,4294967294,0,0,0,0,0,0,0,0,0.0,0.0,0.0,0.0,0.0,0.0
1762460440.41274,2,1,42866,11775456,483,137319,0,0,0,0,2639.938367175617,1170868.4391881714,3.651826212139309,1708.058714677886,0.0,0.0
1762460440.41274,2,2,5918066,5923448,69019,69081,1,0,0,0,588461.9155081504,584770.2511918786,858.5111440538412,853.199396836184,0.0,0.0
1762460440.41274,2,3,5913412,5928142,68971,69128,0,0,0,0,586215.0464350813,590050.1279262298,854.8593178417019,860.5030492604626,0.0,0.0
1762460440.41274,1,4294967294,0,0,0,0,0,0,0,0,0.0,0.0,0.0,0.0,0.0,0.0
1762460440.41274,1,1,36174,11786346,413,137430,0,0,0,0,2119.3871398452134,1172191.0642453681,2.9878578099321618,1709.3866514823,0.0,0.0
1762460440.41274,1,2,5923448,5918066,69081,69019,0,0,0,0,584770.2511918786,588461.9155081504,853.199396836184,858.5111440538412,0.0,0.0
1762460440.41274,1,3,5919344,5921258,69026,69062,0,0,0,0,587192.4079231302,587102.1082204301,856.5192388472198,856.1872546461161,0.0,0.0
1762460441.4193013,3,4294967294,0,0,0,0,0,0,0,0,0.0,0.0,0.0,0.0,0.0,0.0
1762460441.4193013,3,1,6140614,6139250,71623,71592,1,0,0,0,1743409.0065791467,1747780.325137192,2544.306097080314,2549.273504532638,0.0,0.0
1762460441.4193013,3,2,6147602,6132092,71689,71523,1,0,0,0,1744235.5831792136,1738036.2586787133,2544.306097080314,2535.3647636661312,0.0,0.0
1762460441.4193013,2,4294967294,0,0,0,0,0,0,0,0,0.0,0.0,0.0,0.0,0.0,0.0
1762460441.4193013,2,1,43774,12213156,493,142425,0,0,0,0,7216.649546736197,3478774.7870114907,9.93481490464785,5072.716490313192,0.0,0.0
1762460441.4193013,2,2,6137516,6143722,71580,71650,1,0,0,0,1744156.1046599764,1750705.1346451202,2544.306097080314,2552.253949004032,0.0,0.0
1762460441.4193013,2,3,6132092,6147602,71523,71689,0,0,0,0,1738036.2586787133,1744235.5831792136,2535.3647636661312,2544.306097080314,0.0,0.0
1762460441.4193013,1,4294967294,0,0,0,0,0,0,0,0,0.0,0.0,0.0,0.0,0.0,0.0
1762460441.4193013,1,1,36972,12224520,422,142543,0,0,0,0,6342.3858351271865,3482542.0688233334,8.941333414183063,5079.670860746445,0.0,0.0
1762460441.4193013,1,2,6143722,6137516,71650,71580,0,0,0,0,1750705.1346451202,1744156.1046599764,2552.253949004032,2544.306097080314,0.0,0.0
1762460441.4193013,1,3,6139250,6140614,71592,71623,0,0,0,0,1747780.325137192,1743409.0065791467,2549.273504532638,2544.306097080314,0.0,0.0
1762460442.425072,3,4294967294,0,0,0,0,0,0,0,0,0.0,0.0,0.0,0.0,0.0,0.0
1762460442.425072,3,1,6140614,6139250,71623,71592,1,0,0,0,0.0,0.0,0.0,0.0,0.0,0.0
1762460442.425072,3,2,6147602,6132092,71689,71523,1,0,0,0,0.0,0.0,0.0,0.0,0.0,0.0
1762460442.425072,2,4294967294,0,0,0,0,0,0,0,0,0.0,0.0,0.0,0.0,0.0,0.0
1762460442.425072,2,1,43774,12213156,493,142425,0,0,0,0,0.0,0.0,0.0,0.0,0.0,0.0
1762460442.425072,2,2,6137516,6143722,71580,71650,1,0,0,0,0.0,0.0,0.0,0.0,0.0,0.0
1762460442.425072,2,3,6132092,6147602,71523,71689,0,0,0,0,0.0,0.0,0.0,0.0,0.0,0.0
1762460442.425072,1,4294967294,0,0,0,0,0,0,0,0,0.0,0.0,0.0,0.0,0.0,0.0
1762460442.425072,1,1,36972,12224520,422,142543,0,0,0,0,0.0,0.0,0.0,0.0,0.0,0.0
1762460442.425072,1,2,6143722,6137516,71650,71580,0,0,0,0,0.0,0.0,0.0,0.0,0.0,0.0
1762460442.425072,1,3,6139250,6140614,71592,71623,0,0,0,0,0.0,0.0,0.0,0.0,0.0,0.0
1762460443.4299462,3,4294967294,0,0,0,0,0,0,0,0,0.0,0.0,0.0,0.0,0.0,0.0
1762460443.4299462,3,1,6362200,6359142,74208,74158,1,0,0,0,1764089.4234132147,1750603.1585622674,2572.4612337439867,2553.553394888615,0.0,0.0
1762460443.4299462,3,2,6368694,6352542,74269,74096,1,0,0,0,1760156.5929312974,1755045.5055438664,2567.4854866767837,2560.5194407826993,0.0,0.0
1762460443.4299462,2,4294967294,0,0,0,0,0,0,0,0,0.0,0.0,0.0,0.0,0.0,0.0
1762460443.4299462,2,1,44768,12653162,504,147560,0,0,0,0,7913.428135679761,3502973.7024828056,10.946643547846751,5110.092238017552,0.0,0.0
1762460443.4299462,2,2,6357720,6363954,74150,74220,1,0,0,0,1753087.0514982154,1753309.964966826,2557.5339925423773,2557.5339925423773,0.0,0.0
1762460443.4299462,2,3,6352542,6368694,74096,74269,0,0,0,0,1755045.5055438664,1760156.5929312974,2560.5194407826993,2567.4854866767837,0.0,0.0
1762460443.4299462,1,4294967294,0,0,0,0,0,0,0,0,0.0,0.0,0.0,0.0,0.0,0.0
1762460443.4299462,1,1,37684,12665206,430,147684,0,0,0,0,5668.371058957736,3508387.3152919225,7.9611953075249104,5116.063134498196,0.0,0.0
1762460443.4299462,1,2,6363954,6357720,74220,74150,0,0,0,0,1753309.964966826,1753087.0514982154,2557.5339925423773,2557.5339925423773,0.0,0.0
1762460443.4299462,1,3,6359142,6362200,74158,74208,0,0,0,0,1750603.1585622674,1764089.4234132147,2553.553394888615,2572.4612337439867,0.0,0.0
1762460444.4368725,3,4294967294,0,0,0,0,0,0,0,0,0.0,0.0,0.0,0.0,0.0,0.0
1762460444.4368725,3,1,6362200,6359142,74208,74158,1,0,0,0,0.0,0.0,0.0,0.0,0.0,0.0
1762460444.4368725,3,2,6368694,6352542,74269,74096,1,0,0,0,0.0,0.0,0.0,0.0,0.0,0.0
1762460444.4368725,2,4294967294,0,0,0,0,0,0,0,0,0.0,0.0,0.0,0.0,0.0,0.0
1762460444.4368725,2,1,44768,12653162,504,147560,0,0,0,0,0.0,0.0,0.0,0.0,0.0,0.0
1762460444.4368725,2,2,6357720,6363954,74150,74220,1,0,0,0,0.0,0.0,0.0,0.0,0.0,0.0
1762460444.4368725,2,3,6352542,6368694,74096,74269,0,0,0,0,0.0,0.0,0.0,0.0,0.0,0.0
1762460444.4368725,1,4294967294,0,0,0,0,0,0,0,0,0.0,0.0,0.0,0.0,0.0,0.0
1762460444.4368725,1,1,37684,12665206,430,147684,0,0,0,0,0.0,0.0,0.0,0.0,0.0,0.0
1762460444.4368725,1,2,6363954,6357720,74220,74150,0,0,0,0,0.0,0.0,0.0,0.0,0.0,0.0
1762460444.4368725,1,3,6359142,6362200,74158,74208,0,0,0,0,0.0,0.0,0.0,0.0,0.0,0.0
1762460448.4490705,3,4294967294,0,0,0,0,0,0,0,0,0.0,0.0,0.0,0.0,0.0,0.0
1762460448.4490705,3,1,6805634,6802534,79383,79332,1,0,0,0,884171.7246598573,884087.9800384803,1289.8167131734265,1289.567473228852,0.0,0.0
1762460448.4490705,3,2,6812988,6794918,79454,79258,1,0,0,0,885886.4954785304,882062.157768978,1292.3091126191723,1286.576593893957,0.0,0.0
1762460448.4490705,2,4294967294,0,0,0,0,0,0,0,0,0.0,0.0,0.0,0.0,0.0,0.0
1762460448.4490705,2,1,46670,13537246,525,157877,0,0,0,0,3792.4349966467357,1762792.3772741496,5.234038836066079,2571.4085081758917,0.0,0.0
1762460448.4490705,2,2,6801134,6807230,79325,79393,1,0,0,0,884131.8462687253,883856.685369915,1289.8167131734265,1289.3182332842773,0.0,0.0
1762460448.4490705,2,3,6794918,6812988,79258,79454,0,0,0,0,882062.157768978,885886.4954785304,1286.576593893957,1292.3091126191723,0.0,0.0
1762460448.4490705,1,4294967294,0,0,0,0,0,0,0,0,0.0,0.0,0.0,0.0,0.0,0.0
1762460448.4490705,1,1,39280,13550422,448,158013,0,0,0,0,3182.2956123281756,1765049.494212217,4.486319002342353,2574.3993875107867,0.0,0.0
1762460448.4490705,1,2,6807230,6801134,79393,79325,0,0,0,0,883856.685369915,884131.8462687253,1289.3182332842773,1289.8167131734265,0.0,0.0
1762460448.4490705,1,3,6802534,6805634,79332,79383,0,0,0,0,884087.9800384803,884171.7246598573,1289.567473228852,1289.8167131734265,0.0,0.0
1762460449.4537766,3,4294967294,0,0,0,0,0,0,0,0,0.0,0.0,0.0,0.0,0.0,0.0
1762460449.4537766,3,1,7026964,7024150,81966,81919,1,0,0,0,1762346.1446786376,1764623.427457195,2570.9009689744503,2574.8822325733267,0.0,0.0
1762460449.4537766,3,2,7034850,7015980,82043,81838,1,0,0,0,1766582.2091478421,1760212.18738964,2576.872864372765,2567.915021275293,0.0,0.0
1762460449.4537766,1,4294967294,0,0,0,0,0,0,0,0,0.0,0.0,0.0,0.0,0.0,0.0
1762460449.4537766,1,1,39992,13992908,456,163176,0,0,0,0,5669.319364800027,3523306.809624866,7.962527197752847,5138.815990249744,0.0,0.0
1762460449.4537766,1,2,7028476,7023196,81974,81917,0,0,0,0,1761677.2923940264,1768174.7145873928,2568.910337175012,2579.8588120719223,0.0,0.0
1762460449.4537766,1,3,7024150,7026964,81919,81966,0,0,0,0,1764623.427457195,1762346.1446786376,2574.8822325733267,2570.9009689744503,0.0,0.0
1762460449.4537766,2,4294967294,0,0,0,0,0,0,0,0,0.0,0.0,0.0,0.0,0.0,0.0
1762460449.4537766,2,1,47578,13979326,535,163035,0,0,0,0,7229.974695559585,3520074.0235825786,9.953158997191059,5133.839410751148,0.0,0.0
1762460449.4537766,2,2,7023196,7028992,81917,81980,1,0,0,0,1768174.7145873928,1765785.9564280668,2579.8588120719223,2574.8822325733267,0.0,0.0
1762460449.4537766,2,3,7015980,7034850,81838,82043,0,0,0,0,1760212.18738964,1766582.2091478421,2567.915021275293,2576.872864372765,0.0,0.0
1762460452.4622169,3,4294967294,0,0,0,0,0,0,0,0,0.0,0.0,0.0,0.0,0.0,0.0
1762460452.4622169,3,1,7248944,7245222,84557,84499,1,0,0,0,590285.9451465501,587871.4049258407,861.2436277337549,857.5872479942445,0.0,0.0
1762460452.4622169,3,2,7257146,7237742,84638,84427,1,0,0,0,591126.2476903212,589706.2427587586,862.5732203663041,860.5788314174803,0.0,0.0
1762460452.4622169,1,4294967294,0,0,0,0,0,0,0,0,0.0,0.0,0.0,0.0,0.0,0.0
1762460452.4622169,1,1,40774,14435852,465,168344,0,0,0,0,2079.4828773069744,1177870.1580637603,2.991583423235737,1717.8336812535877,0.0,0.0
1762460452.4622169,1,2,7250564,7244862,84566,84504,0,0,0,0,590573.1371551807,589450.9609733092,861.5760258918922,859.9140351012057,0.0,0.0
1762460452.4622169,1,3,7245222,7248944,84499,84557,0,0,0,0,587871.4049258407,590285.9451465501,857.5872479942445,861.2436277337549,0.0,0.0
1762460452.4622169,2,4294967294,0,0,0,0,0,0,0,0,0.0,0.0,0.0,0.0,0.0,0.0
1762460452.4622169,2,1,48572,14421520,546,168196,0,0,0,0,2643.2301535078423,1175875.7691149365,3.656379739510345,1715.5068941466263,0.0,0.0
1762460452.4622169,2,2,7244862,7250564,84504,84566,1,0,0,0,589450.9609733092,589200.9975583899,859.9140351012057,859.5816369430684,0.0,0.0
1762460452.4622169,2,3,7237742,7257146,84427,84638,0,0,0,0,589706.2427587586,591126.2476903212,860.5788314174803,862.5732203663041,0.0,0.0
1762460453.470599,3,4294967294,0,0,0,0,0,0,0,0,0.0,0.0,0.0,0.0,0.0,0.0
1762460453.470599,3,1,7469476,7465590,87131,87071,1,0,0,0,1749590.7865858085,1748289.692463413,2552.6038651260765,2550.6204899394984,0.0,0.0
1762460453.470599,3,2,7477424,7457398,87209,86991,1,0,0,0,1747575.677396245,1742641.0399320386,2549.6288023462093,2542.6869891931856,0.0,0.0
1762460453.470599,1,4294967294,0,0,0,0,0,0,0,0,0.0,0.0,0.0,0.0,0.0,0.0
1762460453.470599,1,1,41486,14875538,473,173475,0,0,0,0,5648.652531374565,3488249.209143198,7.933500746312592,5088.349041166239,0.0,0.0
1762460453.470599,1,2,7470830,7465034,87137,87074,0,0,0,0,1747480.4753872892,1746734.7263171358,2549.6288023462093,2548.63711475292,0.0,0.0
1762460453.470599,1,3,7465590,7469476,87071,87131,0,0,0,0,1748289.692463413,1749590.7865858085,2550.6204899394984,2552.6038651260765,0.0,0.0
1762460453.470599,2,4294967294,0,0,0,0,0,0,0,0,0.0,0.0,0.0,0.0,0.0,0.0
1762460453.470599,2,1,49480,14860684,556,173322,0,0,0,0,7203.618677651833,3484107.921753623,9.91687593289074,5083.390603199793,0.0,0.0
1762460453.470599,2,2,7465034,7470830,87074,87137,1,0,0,0,1746734.7263171358,1747480.4753872892,2548.63711475292,2549.6288023462093,0.0,0.0
1762460453.470599,2,3,7457398,7477424,86991,87209,0,0,0,0,1742641.0399320386,1747575.677396245,2542.6869891931856,2549.6288023462093,0.0,0.0
1762460458.4881077,3,4294967294,0,0,0,0,0,0,0,0,0.0,0.0,0.0,0.0,0.0,0.0
1762460458.4881077,3,1,7910724,7906718,92283,92221,1,0,0,0,703533.2032817174,703341.8732713971,1026.8043887188746,1026.4057845307073,0.0,0.0
1762460458.4881077,3,2,7919998,7897604,92376,92131,1,0,0,0,705647.3998957565,701871.8210254362,1029.793920130129,1024.412763589871,0.0,0.0
1762460458.4881077,1,4294967294,0,0,0,0,0,0,0,0,0.0,0.0,0.0,0.0,0.0,0.0
1762460458.4881077,1,1,42910,15756762,489,183762,0,0,0,0,2270.4494558007414,1405038.3084540395,3.1888335053381196,2050.2206418383275,0.0,0.0
1762460458.4881077,1,2,7911842,7906702,92286,92231,0,0,0,0,703156.9209280874,704202.8583178383,1026.2064824366237,1027.8008991892927,0.0,0.0
1762460458.4881077,1,3,7906718,7910724,92221,92283,0,0,0,0,703341.8732713971,703533.2032817174,1026.4057845307073,1026.8043887188746,0.0,0.0
1762460458.4881077,2,4294967294,0,0,0,0,0,0,0,0,0.0,0.0,0.0,0.0,0.0,0.0
1762460458.4881077,2,1,51366,15740796,577,183597,0,0,0,0,3007.069995533847,1403265.3170250717,4.1853439757562825,2047.8290167093237,0.0,0.0
1762460458.4881077,2,2,7906702,7911842,92231,92286,1,0,0,0,704202.8583178383,703156.9209280874,1027.8008991892927,1026.2064824366237,0.0,0.0
1762460458.4881077,2,3,7897604,7919998,92131,92376,0,0,0,0,701871.8210254362,705647.3998957565,1024.412763589871,1029.793920130129,0.0,0.0
1762460464.504527,3,4294967294,0,0,0,0,0,0,0,0,0.0,0.0,0.0,0.0,0.0,0.0
1762460464.504527,3,1,8571588,8567162,100000,99932,1,0,0,0,878747.2480047706,878188.7763008163,1282.6565891115295,1281.6593182116112,0.0,0.0
1762460464.504527,3,2,8581706,8557332,100101,99833,1,0,0,0,879869.5101908119,877236.7150150277,1283.9862836447537,1280.163411861734,0.0,0.0
1762460464.504527,1,4294967294,0,0,0,0,0,0,0,0,0.0,0.0,0.0,0.0,0.0,0.0
1762460464.504527,1,1,44850,17076344,511,199167,0,0,0,0,2579.6073944552204,1754640.9715412417,3.6566599663669366,2560.4930355401207,0.0,0.0
1762460464.504527,1,2,8572630,8567486,100000,99947,0,0,0,0,878646.1912202456,878640.8724421127,1282.1579536615704,1282.4903772948765,0.0,0.0
1762460464.504527,1,3,8567162,8571588,99932,100000,0,0,0,0,878188.7763008163,878747.2480047706,1281.6593182116112,1282.6565891115295,0.0,0.0
1762460464.504527,2,4294967294,0,0,0,0,0,0,0,0,0.0,0.0,0.0,0.0,0.0,0.0
1762460464.504527,2,1,53612,17058682,602,198982,0,0,0,0,2986.4939216218686,1752385.8096128933,4.155295416326064,2557.1687992070597,0.0,0.0
1762460464.504527,2,2,8567486,8572630,99947,100000,1,0,0,0,878640.8724421127,878646.1912202456,1282.4903772948765,1282.1579536615704,0.0,0.0
1762460464.504527,2,3,8557332,8581706,99833,100101,0,0,0,0,877236.7150150277,879869.5101908119,1280.163411861734,1283.9862836447537,0.0,0.0
1762460471.5263767,3,4294967294,0,0,0,0,0,0,0,0,0.0,0.0,0.0,0.0,0.0,0.0
1762460471.5263767,3,1,9457630,9452836,110344,110272,1,0,0,0,1009468.4977917118,1009049.2350398476,1473.1161363058222,1472.5464858277458,0.0,0.0
1762460471.5263767,3,2,9468888,9442176,110459,110164,1,0,0,0,1010767.3008817262,1008103.6152462405,1475.10991297909,1471.2647722520737,0.0,0.0
1762460471.5263767,1,4294967294,0,0,0,0,0,0,0,0,0.0,0.0,0.0,0.0,0.0,0.0
1762460471.5263767,1,1,46742,18844542,533,219807,0,0,0,0,2155.557409041466,2014509.672067813,3.1330776294207356,2939.3964668747267,0.0,0.0
1762460471.5263767,1,2,9457850,9453708,110335,110293,0,0,0,0,1008531.992405754,1009673.5719638193,1471.8344227301502,1473.4009615448606,0.0,0.0
1762460471.5263767,1,3,9452836,9457630,110272,110344,0,0,0,0,1009049.2350398476,1009468.4977917118,1472.5464858277458,1473.1161363058222,0.0,0.0
1762460471.5263767,2,4294967294,0,0,0,0,0,0,0,0,0.0,0.0,0.0,0.0,0.0,0.0
1762460471.5263767,2,1,55590,18826744,625,219622,0,0,0,0,2253.537291270624,2014354.7271377763,3.27549024893986,2939.3964668747267,0.0,0.0
1762460471.5263767,2,2,9453708,9457850,110293,110335,1,0,0,0,1009673.5719638193,1008531.992405754,1473.4009615448606,1471.8344227301502,0.0,0.0
1762460471.5263767,2,3,9442176,9468888,110164,110459,0,0,0,0,1008103.6152462405,1010767.3008817262,1471.2647722520737,1475.10991297909,0.0,0.0
1762460472.534367,3,4294967294,0,0,0,0,0,0,0,0,0.0,0.0,0.0,0.0,0.0,0.0
1762460472.534367,3,1,9457630,9452836,110344,110272,1,0,0,0,0.0,0.0,0.0,0.0,0.0,0.0
1762460472.534367,3,2,9468888,9442176,110459,110164,1,0,0,0,0.0,0.0,0.0,0.0,0.0,0.0
1762460472.534367,1,4294967294,0,0,0,0,0,0,0,0,0.0,0.0,0.0,0.0,0.0,0.0
1762460472.534367,1,1,46742,18844542,533,219807,0,0,0,0,0.0,0.0,0.0,0.0,0.0,0.0
1762460472.534367,1,2,9457850,9453708,110335,110293,0,0,0,0,0.0,0.0,0.0,0.0,0.0,0.0
1762460472.534367,1,3,9452836,9457630,110272,110344,0,0,0,0,0.0,0.0,0.0,0.0,0.0,0.0
1762460472.534367,2,4294967294,0,0,0,0,0,0,0,0,0.0,0.0,0.0,0.0,0.0,0.0
1762460472.534367,2,1,55590,18826744,625,219622,0,0,0,0,0.0,0.0,0.0,0.0,0.0,0.0
1762460472.534367,2,2,9453708,9457850,110293,110335,1,0,0,0,0.0,0.0,0.0,0.0,0.0,0.0
1762460472.534367,2,3,9442176,9468888,110164,110459,0,0,0,0,0.0,0.0,0.0,0.0,0.0,0.0
1762460474.54217,3,4294967294,0,0,0,0,0,0,0,0,0.0,0.0,0.0,0.0,0.0,0.0
1762460474.54217,3,1,9680046,9674596,112940,112860,1,0,0,0,886206.481692691,883592.6793943384,1292.9555576454852,1288.9711029223868,0.0,0.0
1762460474.54217,3,2,9690608,9663564,113047,112748,1,0,0,0,883433.3012054145,882110.4622373458,1288.9711029223868,1286.9788755608374,0.0,0.0
1762460474.54217,1,4294967294,0,0,0,0,0,0,0,0,0.0,0.0,0.0,0.0,0.0,0.0
1762460474.54217,1,1,47258,19287764,539,224981,0,0,0,0,2055.978637118861,1765997.9912811934,2.988341042323926,2576.946092163999,0.0,0.0
1762460474.54217,1,2,9679866,9675892,112927,112887,0,0,0,0,884612.6998034517,885282.0881969322,1290.9633302839359,1291.9594439647105,0.0,0.0
1762460474.54217,1,3,9674596,9680046,112860,112940,0,0,0,0,883592.6793943384,886206.481692691,1288.9711029223868,1292.9555576454852,0.0,0.0
1762460474.54217,2,4294967294,0,0,0,0,0,0,0,0,0.0,0.0,0.0,0.0,0.0,0.0
1762460474.54217,2,1,56020,19269086,630,224785,0,0,0,0,1713.315530932384,1762491.6711248667,2.4902842019366047,2571.467466919738,0.0,0.0
1762460474.54217,2,2,9675892,9679866,112887,112927,1,0,0,0,885282.0881969322,884612.6998034517,1291.9594439647105,1290.9633302839359,0.0,0.0
1762460474.54217,2,3,9663564,9690608,112748,113047,0,0,0,0,882110.4622373458,883433.3012054145,1286.9788755608374,1288.9711029223868,0.0,0.0
1762460476.552365,3,4294967294,0,0,0,0,0,0,0,0,0.0,0.0,0.0,0.0,0.0,0.0
1762460476.552365,3,1,9900320,9895282,115511,115437,1,0,0,0,876627.3845170339,878267.0264285669,1278.9803866963953,1281.9651717295258,0.0,0.0
1762460476.552365,3,2,9911734,9883978,115628,115321,1,0,0,0,880018.1003146701,877184.5443898849,1283.9550284182794,1279.975315040772,0.0,0.0
1762460476.552365,1,4294967294,0,0,0,0,0,0,0,0,0.0,0.0,0.0,0.0,0.0,0.0
1762460476.552365,1,1,47688,19727414,544,230112,0,0,0,0,1711.2767523281213,1749680.9864210663,2.4873208609420367,2552.4886674987183,0.0,0.0
1762460476.552365,1,2,9900282,9896554,115500,115463,0,0,0,0,877192.50381664,878171.5133075068,1279.975315040772,1281.4677075573375,0.0,0.0
1762460476.552365,1,3,9895282,9900320,115437,115511,0,0,0,0,878267.0264285669,876627.3845170339,1281.9651717295258,1278.9803866963953,0.0,0.0
1762460476.552365,2,4294967294,0,0,0,0,0,0,0,0,0.0,0.0,0.0,0.0,0.0,0.0
1762460476.552365,2,1,56536,19709828,636,229929,0,0,0,0,2053.5321027937457,1754026.8334293044,2.984785033130444,2558.9557017371676,0.0,0.0
1762460476.552365,2,2,9896554,9900282,115463,115500,1,0,0,0,878171.5133075068,877192.50381664,1281.4677075573375,1279.975315040772,0.0,0.0
1762460476.552365,2,3,9883978,9911734,115321,115628,0,0,0,0,877184.5443898849,880018.1003146701,1279.975315040772,1283.9550284182794,0.0,0.0
1762460477.5589483,3,4294967294,0,0,0,0,0,0,0,0,0.0,0.0,0.0,0.0,0.0,0.0
1762460477.5589483,3,1,10120456,10115894,118081,118012,1,0,0,0,1749570.2052698347,1753353.3003460988,2553.1917925415855,2558.1590917488647,0.0,0.0
1762460477.5589483,3,2,10132462,10103756,118205,117887,1,0,0,0,1754275.2310789698,1746724.9362839053,2560.1460114317765,2549.217953175762,0.0,0.0
1762460477.5589483,1,4294967294,0,0,0,0,0,0,0,0,0.0,0.0,0.0,0.0,0.0,0.0
1762460477.5589483,1,1,48118,20167028,549,235243,0,0,0,0,3417.501854608192,3493910.837934246,4.967299207279349,5097.442446510068,0.0,0.0
1762460477.5589483,1,2,10120290,10116680,118068,118032,0,0,0,0,1748552.9023921841,1749490.7284825183,2551.2048728586738,2552.1983327001294,0.0,0.0
1762460477.5589483,1,3,10115894,10120456,118012,118081,0,0,0,0,1753353.3003460988,1749570.2052698347,2558.1590917488647,2553.1917925415855,0.0,0.0
1762460477.5589483,2,4294967294,0,0,0,0,0,0,0,0,0.0,0.0,0.0,0.0,0.0,0.0
1762460477.5589483,2,1,56966,20149430,641,235060,0,0,0,0,3417.501854608192,3493815.465789466,4.967299207279349,5097.442446510068,0.0,0.0
1762460477.5589483,2,2,10116680,10120290,118032,118068,1,0,0,0,1749490.7284825183,1748552.9023921841,2552.1983327001294,2551.2048728586738,0.0,0.0
1762460477.5589483,2,3,10103756,10132462,117887,118205,0,0,0,0,1746724.9362839053,1754275.2310789698,2549.217953175762,2560.1460114317765,0.0,0.0
1762460480.572096,3,4294967294,0,0,0,0,0,0,0,0,0.0,0.0,0.0,0.0,0.0,0.0
1762460480.572096,3,1,10342202,10336880,120669,120591,1,0,0,0,588742.4379815316,586724.6146482315,858.902432003398,855.9155224639735,0.0,0.0
1762460480.572096,3,2,10353924,10325004,120790,120469,1,0,0,0,587988.4092622459,587420.2326920797,857.9067954902565,856.911158977115,0.0,0.0
1762460480.572096,1,4294967294,0,0,0,0,0,0,0,0,0.0,0.0,0.0,0.0,0.0,0.0
1762460480.572096,1,1,48548,20608930,554,240400,0,0,0,0,1141.663201735583,1173263.3771473435,1.6593941885691614,1711.499166090233,0.0,0.0
1762460480.572096,1,2,10341548,10338208,120651,120618,0,0,0,0,587446.7829990969,588163.6412885587,857.2430378148289,858.2386743279703,0.0,0.0
1762460480.572096,1,3,10336880,10342202,120591,120669,0,0,0,0,586724.6146482315,588742.4379815316,855.9155224639735,858.902432003398,0.0,0.0
1762460480.572096,2,4294967294,0,0,0,0,0,0,0,0,0.0,0.0,0.0,0.0,0.0,0.0
1762460480.572096,2,1,57396,20591170,646,240216,0,0,0,0,1141.663201735583,1172833.2621736662,1.6593941885691614,1711.1672872525194,0.0,0.0
1762460480.572096,2,2,10338208,10341548,120618,120651,1,0,0,0,588163.6412885587,587446.7829990969,858.2386743279703,857.2430378148289,0.0,0.0
1762460480.572096,2,3,10325004,10353924,120469,120790,0,0,0,0,587420.2326920797,587988.4092622459,856.911158977115,857.9067954902565,0.0,0.0
1762460481.5772793,3,4294967294,0,0,0,0,0,0,0,0,0.0,0.0,0.0,0.0,0.0,0.0
1762460481.5772793,3,1,10563934,10559182,123257,123186,1,0,0,0,1764709.1245309585,1769245.610924364,2574.6549969592347,2581.6189015105156,0.0,0.0
1762460481.5772793,3,2,10575824,10546020,123380,123049,1,0,0,0,1766046.1942048043,1759010.660920996,2576.6446839738865,2566.6962489006282,0.0,0.0
1762460481.5772793,1,4294967294,0,0,0,0,0,0,0,0,0.0,0.0,0.0,0.0,0.0,0.0
1762460481.5772793,1,1,48978,21051590,559,245566,0,0,0,0,3422.2616652008373,3523019.4156227973,4.974217536629125,5139.361558845211,0.0,0.0
1762460481.5772793,1,2,10563262,10559928,123238,123206,0,0,0,0,1764565.8670659035,1764613.6195542552,2573.660153451909,2574.6549969592347,0.0,0.0
1762460481.5772793,1,3,10559182,10563934,123186,123257,0,0,0,0,1769245.610924364,1764709.1245309585,2581.6189015105156,2574.6549969592347,0.0,0.0
1762460481.5772793,2,4294967294,0,0,0,0,0,0,0,0,0.0,0.0,0.0,0.0,0.0,0.0
1762460481.5772793,2,1,57826,21033976,651,245383,0,0,0,0,3422.2616652008373,3524181.3928393535,4.974217536629125,5140.356402352537,0.0,0.0
1762460481.5772793,2,2,10559928,10563262,123206,123238,1,0,0,0,1764613.6195542552,1764565.8670659035,2574.6549969592347,2573.660153451909,0.0,0.0
1762460481.5772793,2,3,10546020,10575824,123049,123380,0,0,0,0,1759010.660920996,1766046.1942048043,2566.6962489006282,2576.6446839738865,0.0,0.0
1762460482.585035,3,4294967294,0,0,0,0,0,0,0,0,0.0,0.0,0.0,0.0,0.0,0.0
1762460482.585035,3,1,10563934,10559182,123257,123186,1,0,0,0,0.0,0.0,0.0,0.0,0.0,0.0
1762460482.585035,3,2,10575824,10546020,123380,123049,1,0,0,0,0.0,0.0,0.0,0.0,0.0,0.0
1762460482.585035,1,4294967294,0,0,0,0,0,0,0,0,0.0,0.0,0.0,0.0,0.0,0.0
1762460482.585035,1,1,48978,21051590,559,245566,0,0,0,0,0.0,0.0,0.0,0.0,0.0,0.0
1762460482.585035,1,2,10563262,10559928,123238,123206,0,0,0,0,0.0,0.0,0.0,0.0,0.0,0.0
1762460482.585035,1,3,10559182,10563934,123186,123257,0,0,0,0,0.0,0.0,0.0,0.0,0.0,0.0
1762460482.585035,2,4294967294,0,0,0,0,0,0,0,0,0.0,0.0,0.0,0.0,0.0,0.0
1762460482.585035,2,1,57826,21033976,651,245383,0,0,0,0,0.0,0.0,0.0,0.0,0.0,0.0
1762460482.585035,2,2,10559928,10563262,123206,123238,1,0,0,0,0.0,0.0,0.0,0.0,0.0,0.0
1762460482.585035,2,3,10546020,10575824,123049,123380,0,0,0,0,0.0,0.0,0.0,0.0,0.0,0.0
1762460483.5929897,3,4294967294,0,0,0,0,0,0,0,0,0.0,0.0,0.0,0.0,0.0,0.0
1762460483.5929897,3,1,10785486,10780402,125843,125768,1,0,0,0,1758428.4098145834,1755793.3704917226,2565.5917503455807,2561.623317630429,0.0,0.0
1762460483.5929897,3,2,10797424,10767288,125966,125631,1,0,0,0,1758809.3793552378,1756174.3400323773,2565.5917503455807,2561.623317630429,0.0,0.0
1762460483.5929897,1,4294967294,0,0,0,0,0,0,0,0,0.0,0.0,0.0,0.0,0.0,0.0
1762460483.5929897,1,1,49494,21493664,565,250726,0,0,0,0,4095.4225620365646,3508681.848235954,5.952649072727565,5119.278202545706,0.0,0.0
1762460483.5929897,1,2,10784882,10781570,125825,125793,0,0,0,0,1758968.116663844,1759142.7277033108,2566.5838585243687,2566.5838585243687,0.0,0.0
1762460483.5929897,1,3,10780402,10785486,125768,125843,0,0,0,0,1755793.3704917226,1758428.4098145834,2561.623317630429,2565.5917503455807,0.0,0.0
1762460483.5929897,2,4294967294,0,0,0,0,0,0,0,0,0.0,0.0,0.0,0.0,0.0,0.0
1762460483.5929897,2,1,58256,21475958,656,250541,0,0,0,0,3412.852135030471,3507951.6566163665,4.960540893939638,5117.2939861881305,0.0,0.0
1762460483.5929897,2,2,10781570,10784882,125793,125825,1,0,0,0,1759142.7277033108,1758968.116663844,2566.5838585243687,2566.5838585243687,0.0,0.0
1762460483.5929897,2,3,10767288,10797424,125631,125966,0,0,0,0,1756174.3400323773,1758809.3793552378,2561.623317630429,2565.5917503455807,0.0,0.0
1762460485.5989645,3,4294967294,0,0,0,0,0,0,0,0,0.0,0.0,0.0,0.0,0.0,0.0
1762460485.5989645,3,1,11006598,11000344,128423,128335,1,0,0,0,881813.6832097487,877147.6225284858,1286.1577518865731,1279.6771120514857,0.0,0.0
1762460485.5989645,3,2,11018668,10988994,128548,128219,1,0,0,0,882340.1105686604,884182.6063248514,1287.1547733996636,1290.1458379389346,0.0,0.0
1762460485.5989645,1,4294967294,0,0,0,0,0,0,0,0,0.0,0.0,0.0,0.0,0.0,0.0
1762460485.5989645,1,1,49924,21934666,570,255871,0,0,0,0,1714.8770025154308,1758753.9252635117,2.492553782725917,2564.8378424249686,0.0,0.0
1762460485.5989645,1,2,11005606,11002316,128401,128369,0,0,0,0,880266.3058214325,880354.0437145844,1284.1637088603925,1284.1637088603925,0.0,0.0
1762460485.5989645,1,3,11000344,11006598,128335,128423,0,0,0,0,877147.6225284858,881813.6832097487,1279.6771120514857,1286.1577518865731,0.0,0.0
1762460485.5989645,2,4294967294,0,0,0,0,0,0,0,0,0.0,0.0,0.0,0.0,0.0,0.0
1762460485.5989645,2,1,58772,21917016,662,255688,0,0,0,0,2057.852403018517,1758977.2580824438,2.9910645392711004,2565.834863938059,0.0,0.0
1762460485.5989645,2,2,11002316,11005606,128369,128401,1,0,0,0,880354.0437145844,880266.3058214325,1284.1637088603925,1284.1637088603925,0.0,0.0
1762460485.5989645,2,3,10988994,11018668,128219,128548,0,0,0,0,884182.6063248514,882340.1105686604,1290.1458379389346,1287.1547733996636,0.0,0.0
1762460486.6074173,3,4294967294,0,0,0,0,0,0,0,0,0.0,0.0,0.0,0.0,0.0,0.0
1762460486.6074173,3,1,11006598,11000344,128423,128335,1,0,0,0,0.0,0.0,0.0,0.0,0.0,0.0
1762460486.6074173,3,2,11018668,10988994,128548,128219,1,0,0,0,0.0,0.0,0.0,0.0,0.0,0.0
1762460486.6074173,1,4294967294,0,0,0,0,0,0,0,0,0.0,0.0,0.0,0.0,0.0,0.0
1762460486.6074173,1,1,49924,21934666,570,255871,0,0,0,0,0.0,0.0,0.0,0.0,0.0,0.0
1762460486.6074173,1,2,11005606,11002316,128401,128369,0,0,0,0,0.0,0.0,0.0,0.0,0.0,0.0
1762460486.6074173,1,3,11000344,11006598,128335,128423,0,0,0,0,0.0,0.0,0.0,0.0,0.0,0.0
1762460486.6074173,2,4294967294,0,0,0,0,0,0,0,0,0.0,0.0,0.0,0.0,0.0,0.0
1762460486.6074173,2,1,58772,21917016,662,255688,0,0,0,0,0.0,0.0,0.0,0.0,0.0,0.0
1762460486.6074173,2,2,11002316,11005606,128369,128401,1,0,0,0,0.0,0.0,0.0,0.0,0.0,0.0
1762460486.6074173,2,3,10988994,11018668,128219,128548,0,0,0,0,0.0,0.0,0.0,0.0,0.0,0.0
1762460490.6215358,3,4294967294,0,0,0,0,0,0,0,0,0.0,0.0,0.0,0.0,0.0,0.0
1762460490.6215358,3,1,11447610,11440164,133570,133468,1,0,0,0,878921.7505384899,876546.135528826,1282.2242507067856,1278.736560885551,0.0,0.0
1762460490.6215358,3,2,11458562,11429602,133682,133361,1,0,0,0,876693.614984124,878116.5924311877,1278.9856815870678,1280.978647199202,0.0,0.0
1762460490.6215358,1,4294967294,0,0,0,0,0,0,0,0,0.0,0.0,0.0,0.0,0.0,0.0
1762460490.6215358,1,1,50784,22813938,580,266131,0,0,0,0,1713.9504264353382,1752358.8597123867,2.491207015167643,2555.978397562001,0.0,0.0
1762460490.6215358,1,2,11446816,11442580,133550,133507,0,0,0,0,879316.3577296925,877431.0122606136,1282.7224921098193,1279.9821643931348,0.0,0.0
1762460490.6215358,1,3,11440164,11447610,133468,133570,0,0,0,0,876546.135528826,878921.7505384899,1278.736560885551,1282.2242507067856,0.0,0.0
1762460490.6215358,2,4294967294,0,0,0,0,0,0,0,0,0.0,0.0,0.0,0.0,0.0,0.0
1762460490.6215358,2,1,59632,22796202,672,265947,0,0,0,0,1713.9504264353382,1752187.4646697433,2.491207015167643,2555.729276860485,0.0,0.0
1762460490.6215358,2,2,11442580,11446816,133507,133550,1,0,0,0,877431.0122606136,879316.3577296925,1279.9821643931348,1282.7224921098193,0.0,0.0
1762460490.6215358,2,3,11429602,11458562,133361,133682,0,0,0,0,878116.5924311877,876693.614984124,1280.978647199202,1278.9856815870678,0.0,0.0
1762460491.6271505,3,4294967294,0,0,0,0,0,0,0,0,0.0,0.0,0.0,0.0,0.0,0.0
1762460491.6271505,3,1,11669530,11662828,136160,136066,1,0,0,0,1765447.4406748076,1771366.208230062,2575.5389731365763,2583.4943058721333,0.0,0.0
1762460491.6271505,3,2,11681452,11651058,136283,135945,1,0,0,0,1773164.113428298,1761756.1662855092,2586.477555647967,2569.5724735849085,0.0,0.0
1762460491.6271505,1,4294967294,0,0,0,0,0,0,0,0,0.0,0.0,0.0,0.0,0.0,0.0
1762460491.6271505,1,1,51214,23257322,585,271306,0,0,0,0,3420.7930762895066,3527267.249622201,4.97208295972312,5146.105863313429,0.0,0.0
1762460491.6271505,1,2,11668420,11665082,136136,136104,0,0,0,0,1762933.5555303716,1770077.4443269018,2571.5613067687977,2582.4998892801887,0.0,0.0
1762460491.6271505,1,3,11662828,11669530,136066,136160,0,0,0,0,1771366.208230062,1765447.4406748076,2583.4943058721333,2575.5389731365763,0.0,0.0
1762460491.6271505,2,4294967294,0,0,0,0,0,0,0,0,0.0,0.0,0.0,0.0,0.0,0.0
1762460491.6271505,2,1,59976,23239716,676,271122,0,0,0,0,2736.634461031605,3528301.4428778235,3.977666367778496,5146.105863313429,0.0,0.0
1762460491.6271505,2,2,11665082,11668420,136104,136136,1,0,0,0,1770077.4443269018,1762933.5555303716,2582.4998892801887,2571.5613067687977,0.0,0.0
1762460491.6271505,2,3,11651058,11681452,135945,136283,0,0,0,0,1761756.1662855092,1773164.113428298,2569.5724735849085,2586.477555647967,0.0,0.0
1762460492.6349413,3,4294967294,0,0,0,0,0,0,0,0,0.0,0.0,0.0,0.0,0.0,0.0
1762460492.6349413,3,1,11669530,11662828,136160,136066,1,0,0,0,0.0,0.0,0.0,0.0,0.0,0.0
1762460492.6349413,3,2,11681452,11651058,136283,135945,1,0,0,0,0.0,0.0,0.0,0.0,0.0,0.0
1762460492.6349413,1,4294967294,0,0,0,0,0,0,0,0,0.0,0.0,0.0,0.0,0.0,0.0
1762460492.6349413,1,1,51214,23257322,585,271306,0,0,0,0,0.0,0.0,0.0,0.0,0.0,0.0
1762460492.6349413,1,2,11668420,11665082,136136,136104,0,0,0,0,0.0,0.0,0.0,0.0,0.0,0.0
1762460492.6349413,1,3,11662828,11669530,136066,136160,0,0,0,0,0.0,0.0,0.0,0.0,0.0,0.0
1762460492.6349413,2,4294967294,0,0,0,0,0,0,0,0,0.0,0.0,0.0,0.0,0.0,0.0
1762460492.6349413,2,1,59976,23239716,676,271122,0,0,0,0,0.0,0.0,0.0,0.0,0.0,0.0
1762460492.6349413,2,2,11665082,11668420,136104,136136,1,0,0,0,0.0,0.0,0.0,0.0,0.0,0.0
1762460492.6349413,2,3,11651058,11681452,135945,136283,0,0,0,0,0.0,0.0,0.0,0.0,0.0,0.0
1762460493.6427505,3,4294967294,0,0,0,0,0,0,0,0,0.0,0.0,0.0,0.0,0.0,0.0
1762460493.6427505,3,1,11891752,11884248,138753,138650,1,0,0,0,1764000.633041704,1757634.348390772,2572.9077462386367,2563.977484103601,0.0,0.0
1762460493.6427505,3,2,11903212,11872618,138871,138531,1,0,0,0,1760333.2720582495,1758745.6699009098,2567.9464894969506,2565.9619868002756,0.0,0.0
1762460493.6427505,1,4294967294,0,0,0,0,0,0,0,0,0.0,0.0,0.0,0.0,0.0,0.0
1762460493.6427505,1,1,51558,23699884,589,276469,0,0,0,0,2730.6757106242685,3513061.929782842,3.969005393349228,5122.993711465516,0.0,0.0
1762460493.6427505,1,2,11890194,11886344,138724,138686,0,0,0,0,1760444.4042092634,1756380.1426864737,2567.9464894969506,2561.9929814069264,0.0,0.0
1762460493.6427505,1,3,11884248,11891752,138650,138753,0,0,0,0,1757634.348390772,1764000.633041704,2563.977484103601,2572.9077462386367,0.0,0.0
1762460493.6427505,2,4294967294,0,0,0,0,0,0,0,0,0.0,0.0,0.0,0.0,0.0,0.0
1762460493.6427505,2,1,60406,23682270,681,276286,0,0,0,0,3413.344638280336,3512998.425696548,4.961256741686535,5123.985962813853,0.0,0.0
1762460493.6427505,2,2,11886344,11890194,138686,138724,1,0,0,0,1756380.1426864737,1760444.4042092634,2561.9929814069264,2567.9464894969506,0.0,0.0
1762460493.6427505,2,3,11872618,11903212,138531,138871,0,0,0,0,1758745.6699009098,1760333.2720582495,2565.9619868002756,2567.9464894969506,0.0,0.0
1762460495.649686,3,4294967294,0,0,0,0,0,0,0,0,0.0,0.0,0.0,0.0,0.0,0.0
1762460495.649686,3,1,12113036,12105538,141335,141232,1,0,0,0,882077.134471681,882101.0515321409,1286.5385439106985,1286.5385439106985,0.0,0.0
1762460495.649686,3,2,12124388,12094092,141452,141115,1,0,0,0,881646.627383401,882834.5080529143,1286.040271817782,1287.5350880965318,0.0,0.0
1762460495.649686,1,4294967294,0,0,0,0,0,0,0,0,0.0,0.0,0.0,0.0,0.0,0.0
1762460495.649686,1,1,51988,24141870,594,281626,0,0,0,0,1714.0559996331538,1761834.3140787422,2.4913604645830723,2569.589183170981,0.0,0.0
1762460495.649686,1,2,12111926,12107796,141312,141270,0,0,0,0,883862.9416526941,882746.8121645609,1289.5281764681984,1287.5350880965318,0.0,0.0
1762460495.649686,1,3,12105538,12113036,141232,141335,0,0,0,0,882101.0515321409,882077.134471681,1286.5385439106985,1286.5385439106985,0.0,0.0
1762460495.649686,2,4294967294,0,0,0,0,0,0,0,0,0.0,0.0,0.0,0.0,0.0,0.0
1762460495.649686,2,1,60836,24124138,686,281442,0,0,0,0,1714.0559996331538,1761363.945223029,2.4913604645830723,2569.0909110780644,0.0,0.0
1762460495.649686,2,2,12107796,12111926,141270,141312,1,0,0,0,882746.8121645609,883862.9416526941,1287.5350880965318,1289.5281764681984,0.0,0.0
1762460495.649686,2,3,12094092,12124388,141115,141452,0,0,0,0,882834.5080529143,881646.627383401,1287.5350880965318,1286.040271817782,0.0,0.0
1762460496.6572416,3,4294967294,0,0,0,0,0,0,0,0,0.0,0.0,0.0,0.0,0.0,0.0
1762460496.6572416,3,1,12113036,12105538,141335,141232,1,0,0,0,0.0,0.0,0.0,0.0,0.0,0.0
1762460496.6572416,3,2,12124388,12094092,141452,141115,1,0,0,0,0.0,0.0,0.0,0.0,0.0,0.0
1762460496.6572416,1,4294967294,0,0,0,0,0,0,0,0,0.0,0.0,0.0,0.0,0.0,0.0
1762460496.6572416,1,1,51988,24141870,594,281626,0,0,0,0,0.0,0.0,0.0,0.0,0.0,0.0
1762460496.6572416,1,2,12111926,12107796,141312,141270,0,0,0,0,0.0,0.0,0.0,0.0,0.0,0.0
1762460496.6572416,1,3,12105538,12113036,141232,141335,0,0,0,0,0.0,0.0,0.0,0.0,0.0,0.0
1762460496.6572416,2,4294967294,0,0,0,0,0,0,0,0,0.0,0.0,0.0,0.0,0.0,0.0
1762460496.6572416,2,1,60836,24124138,686,281442,0,0,0,0,0.0,0.0,0.0,0.0,0.0,0.0
1762460496.6572416,2,2,12107796,12111926,141270,141312,1,0,0,0,0.0,0.0,0.0,0.0,0.0,0.0
1762460496.6572416,2,3,12094092,12124388,141115,141452,0,0,0,0,0.0,0.0,0.0,0.0,0.0,0.0
1762460498.6679068,3,4294967294,0,0,0,0,0,0,0,0,0.0,0.0,0.0,0.0,0.0,0.0
1762460498.6679068,3,1,12331990,12324816,143891,143791,1,0,0,0,871170.4061448482,872459.5317675403,1271.2211001547312,1272.7131436995137,0.0,0.0
1762460498.6679068,3,2,12344222,12312506,144017,143664,1,0,0,0,874671.7349966045,869021.8634403613,1275.6972307890787,1267.7396652169052,0.0,0.0
1762460498.6679068,1,4294967294,0,0,0,0,0,0,0,0,0.0,0.0,0.0,0.0,0.0,0.0
1762460498.6679068,1,1,52418,24579166,599,286728,0,0,0,0,1710.876598017322,1739905.7972246113,2.486739241304247,2537.4687218268537,0.0,0.0
1762460498.6679068,1,2,12330502,12327322,143862,143831,0,0,0,0,869666.4262517074,873446.2698984898,1268.237013065166,1273.7078393960353,0.0,0.0
1762460498.6679068,1,3,12324816,12331990,143791,143891,0,0,0,0,872459.5317675403,871170.4061448482,1272.7131436995137,1271.2211001547312,0.0,0.0
1762460498.6679068,2,4294967294,0,0,0,0,0,0,0,0,0.0,0.0,0.0,0.0,0.0,0.0
1762460498.6679068,2,1,61266,24561466,691,286544,0,0,0,0,1710.876598017322,1740033.118273766,2.486739241304247,2537.4687218268537,0.0,0.0
1762460498.6679068,2,2,12327322,12330502,143831,143862,1,0,0,0,873446.2698984898,869666.4262517074,1273.7078393960353,1268.237013065166,0.0,0.0
1762460498.6679068,2,3,12312506,12344222,143664,144017,0,0,0,0,869021.8634403613,874671.7349966045,1267.7396652169052,1275.6972307890787,0.0,0.0
1762460499.6758418,3,4294967294,0,0,0,0,0,0,0,0,0.0,0.0,0.0,0.0,0.0,0.0
1762460499.6758418,3,1,12551614,12543496,146453,146343,1,0,0,0,1743159.9436576809,1735667.397365778,2541.8304554892557,2531.9091812679862,0.0,0.0
1762460499.6758418,3,2,12563216,12532192,146572,146227,1,0,0,0,1738159.6214501609,1743652.0388590558,2534.885563534367,2542.8225829113826,0.0,0.0
1762460499.6758418,1,4294967294,0,0,0,0,0,0,0,0,0.0,0.0,0.0,0.0,0.0,0.0
1762460499.6758418,1,1,52848,25017314,604,291840,0,0,0,0,3412.918332116721,3477589.166000644,4.960637110634769,5071.755381912988,0.0,0.0
1762460499.6758418,1,2,12550242,12546686,146426,146391,0,0,0,0,1744080.6379054147,1741096.3186196566,2543.8147103335095,2539.8462006450018,0.0,0.0
1762460499.6758418,1,3,12543496,12551614,146343,146453,0,0,0,0,1735667.397365778,1743159.9436576809,2531.9091812679862,2541.8304554892557,0.0,0.0
1762460499.6758418,2,4294967294,0,0,0,0,0,0,0,0,0.0,0.0,0.0,0.0,0.0,0.0
1762460499.6758418,2,1,61696,24999588,696,291655,0,0,0,0,3412.918332116721,3477382.803496842,4.960637110634769,5070.763254490861,0.0,0.0
1762460499.6758418,2,2,12546686,12550242,146391,146426,1,0,0,0,1741096.3186196566,1744080.6379054147,2539.8462006450018,2543.8147103335095,0.0,0.0
1762460499.6758418,2,3,12532192,12563216,146227,146572,0,0,0,0,1743652.0388590558,1738159.6214501609,2542.8225829113826,2534.885563534367,0.0,0.0
1762460500.6839035,3,4294967294,0,0,0,0,0,0,0,0,0.0,0.0,0.0,0.0,0.0,0.0
1762460500.6839035,3,1,12551614,12543496,146453,146343,1,0,0,0,0.0,0.0,0.0,0.0,0.0,0.0
1762460500.6839035,3,2,12563216,12532192,146572,146227,1,0,0,0,0.0,0.0,0.0,0.0,0.0,0.0
1762460500.6839035,1,4294967294,0,0,0,0,0,0,0,0,0.0,0.0,0.0,0.0,0.0,0.0
1762460500.6839035,1,1,52848,25017314,604,291840,0,0,0,0,0.0,0.0,0.0,0.0,0.0,0.0
1762460500.6839035,1,2,12550242,12546686,146426,146391,0,0,0,0,0.0,0.0,0.0,0.0,0.0,0.0
1762460500.6839035,1,3,12543496,12551614,146343,146453,0,0,0,0,0.0,0.0,0.0,0.0,0.0,0.0
1762460500.6839035,2,4294967294,0,0,0,0,0,0,0,0,0.0,0.0,0.0,0.0,0.0,0.0
1762460500.6839035,2,1,61696,24999588,696,291655,0,0,0,0,0.0,0.0,0.0,0.0,0.0,0.0
1762460500.6839035,2,2,12546686,12550242,146391,146426,1,0,0,0,0.0,0.0,0.0,0.0,0.0,0.0
1762460500.6839035,2,3,12532192,12563216,146227,146572,0,0,0,0,0.0,0.0,0.0,0.0,0.0,0.0
1762460504.722995,3,4294967294,0,0,0,0,0,0,0,0,0.0,0.0,0.0,0.0,0.0,0.0
1762460504.722995,3,1,12551614,12543496,146453,146343,1,0,0,0,0.0,0.0,0.0,0.0,0.0,0.0
1762460504.722995,3,2,12563216,12532192,146572,146227,1,0,0,0,0.0,0.0,0.0,0.0,0.0,0.0
1762460504.722995,1,4294967294,0,0,0,0,0,0,0,0,0.0,0.0,0.0,0.0,0.0,0.0
1762460504.722995,1,1,52848,25017314,604,291840,0,0,0,0,0.0,0.0,0.0,0.0,0.0,0.0
1762460504.722995,1,2,12550242,12546686,146426,146391,0,0,0,0,0.0,0.0,0.0,0.0,0.0,0.0
1762460504.722995,1,3,12543496,12551614,146343,146453,0,0,0,0,0.0,0.0,0.0,0.0,0.0,0.0
1762460504.722995,2,4294967294,0,0,0,0,0,0,0,0,0.0,0.0,0.0,0.0,0.0,0.0
1762460504.722995,2,1,61696,24999588,696,291655,0,0,0,0,0.0,0.0,0.0,0.0,0.0,0.0
1762460504.722995,2,2,12546686,12550242,146391,146426,1,0,0,0,0.0,0.0,0.0,0.0,0.0,0.0
1762460504.722995,2,3,12532192,12563216,146227,146572,0,0,0,0,0.0,0.0,0.0,0.0,0.0,0.0
