ts,dpid,port_no,rx_bytes,tx_bytes,rx_packets,tx_packets,rx_dropped,tx_dropped,rx_errors,tx_errors,rx_rate,tx_rate,drop_rate,err_rate
1762708285.1269,1,4294967294,0,0,0,0,0,0,0,0,0.0,0.0,0.0,0.0
1762708285.1269,1,1,0,0,0,0,0,0,0,0,0.0,0.0,0.0,0.0
1762708285.1269,1,2,0,0,0,0,0,0,0,0,0.0,0.0,0.0,0.0
1762708285.1269,1,3,0,0,0,0,0,0,0,0,0.0,0.0,0.0,0.0
1762708285.1269,3,4294967294,0,0,0,0,0,0,0,0,0.0,0.0,0.0,0.0
1762708285.1269,3,1,0,0,0,0,0,0,0,0,0.0,0.0,0.0,0.0
1762708285.1269,3,2,0,0,0,0,0,0,0,0,0.0,0.0,0.0,0.0
1762708285.1269,2,4294967294,0,0,0,0,0,0,0,0,0.0,0.0,0.0,0.0
1762708285.1269,2,1,0,0,0,0,0,0,0,0,0.0,0.0,0.0,0.0
1762708285.1269,2,2,0,0,0,0,0,0,0,0,0.0,0.0,0.0,0.0
1762708285.1269,2,3,0,0,0,0,0,0,0,0,0.0,0.0,0.0,0.0
1762708286.1258957,1,4294967294,0,0,0,0,0,0,0,0,0.0,0.0,0.0,0.0
1762708286.1258957,1,1,0,0,0,0,0,0,0,0,0.0,0.0,0.0,0.0
1762708286.1258957,1,2,0,0,0,0,0,0,0,0,0.0,0.0,0.0,0.0
1762708286.1258957,1,3,0,0,0,0,0,0,0,0,0.0,0.0,0.0,0.0
1762708286.1258957,3,4294967294,0,0,0,0,0,0,0,0,0.0,0.0,0.0,0.0
1762708286.1258957,3,1,0,0,0,0,0,0,0,0,0.0,0.0,0.0,0.0
1762708286.1258957,3,2,0,0,0,0,0,0,0,0,0.0,0.0,0.0,0.0
1762708286.1258957,2,4294967294,0,0,0,0,0,0,0,0,0.0,0.0,0.0,0.0
1762708286.1258957,2,1,0,0,0,0,0,0,0,0,0.0,0.0,0.0,0.0
1762708286.1258957,2,2,0,0,0,0,0,0,0,0,0.0,0.0,0.0,0.0
1762708286.1258957,2,3,0,0,0,0,0,0,0,0,0.0,0.0,0.0,0.0
1762708287.1259375,3,4294967294,0,0,0,0,0,0,0,0,0.0,0.0,0.0,0.0
1762708287.1259375,3,1,0,0,0,0,0,0,0,0,0.0,0.0,0.0,0.0
1762708287.1259375,3,2,0,0,0,0,0,0,0,0,0.0,0.0,0.0,0.0
1762708287.1259375,1,4294967294,0,0,0,0,0,0,0,0,0.0,0.0,0.0,0.0
1762708287.1259375,1,1,0,0,0,0,0,0,0,0,0.0,0.0,0.0,0.0
1762708287.1259375,1,2,0,0,0,0,0,0,0,0,0.0,0.0,0.0,0.0
1762708287.1259375,1,3,0,0,0,0,0,0,0,0,0.0,0.0,0.0,0.0
1762708287.1259375,2,4294967294,0,0,0,0,0,0,0,0,0.0,0.0,0.0,0.0
1762708287.1259375,2,1,0,0,0,0,0,0,0,0,0.0,0.0,0.0,0.0
1762708287.1259375,2,2,0,0,0,0,0,0,0,0,0.0,0.0,0.0,0.0
1762708287.1259375,2,3,0,0,0,0,0,0,0,0,0.0,0.0,0.0,0.0
1762708288.1268485,3,4294967294,0,0,0,0,0,0,0,0,0.0,0.0,0.0,0.0
1762708288.1268485,3,1,0,0,0,0,0,0,0,0,0.0,0.0,0.0,0.0
1762708288.1268485,3,2,0,0,0,0,0,0,0,0,0.0,0.0,0.0,0.0
1762708288.1268485,1,4294967294,0,0,0,0,0,0,0,0,0.0,0.0,0.0,0.0
1762708288.1268485,1,1,0,0,0,0,0,0,0,0,0.0,0.0,0.0,0.0
1762708288.1268485,1,2,0,0,0,0,0,0,0,0,0.0,0.0,0.0,0.0
1762708288.1268485,1,3,0,0,0,0,0,0,0,0,0.0,0.0,0.0,0.0
1762708288.1268485,2,4294967294,0,0,0,0,0,0,0,0,0.0,0.0,0.0,0.0
1762708288.1268485,2,1,0,0,0,0,0,0,0,0,0.0,0.0,0.0,0.0
1762708288.1268485,2,2,0,0,0,0,0,0,0,0,0.0,0.0,0.0,0.0
1762708288.1268485,2,3,0,0,0,0,0,0,0,0,0.0,0.0,0.0,0.0
1762708289.1268778,3,4294967294,0,0,0,0,0,0,0,0,0.0,0.0,0.0,0.0
1762708289.1268778,3,1,0,0,0,0,0,0,0,0,0.0,0.0,0.0,0.0
1762708289.1268778,3,2,0,0,0,0,0,0,0,0,0.0,0.0,0.0,0.0
1762708289.1268778,1,4294967294,0,0,0,0,0,0,0,0,0.0,0.0,0.0,0.0
1762708289.1268778,1,1,0,0,0,0,0,0,0,0,0.0,0.0,0.0,0.0
1762708289.1268778,1,2,0,0,0,0,0,0,0,0,0.0,0.0,0.0,0.0
1762708289.1268778,1,3,0,0,0,0,0,0,0,0,0.0,0.0,0.0,0.0
1762708289.1268778,2,4294967294,0,0,0,0,0,0,0,0,0.0,0.0,0.0,0.0
1762708289.1268778,2,1,0,0,0,0,0,0,0,0,0.0,0.0,0.0,0.0
1762708289.1268778,2,2,0,0,0,0,0,0,0,0,0.0,0.0,0.0,0.0
1762708289.1268778,2,3,0,0,0,0,0,0,0,0,0.0,0.0,0.0,0.0
1762708290.1268797,3,4294967294,0,0,0,0,0,0,0,0,0.0,0.0,0.0,0.0
1762708290.1268797,3,1,0,0,0,0,0,0,0,0,0.0,0.0,0.0,0.0
1762708290.1268797,3,2,0,0,0,0,0,0,0,0,0.0,0.0,0.0,0.0
1762708290.1268797,1,4294967294,0,0,0,0,0,0,0,0,0.0,0.0,0.0,0.0
1762708290.1268797,1,1,0,0,0,0,0,0,0,0,0.0,0.0,0.0,0.0
1762708290.1268797,1,2,0,0,0,0,0,0,0,0,0.0,0.0,0.0,0.0
1762708290.1268797,1,3,0,0,0,0,0,0,0,0,0.0,0.0,0.0,0.0
1762708290.1268797,2,4294967294,0,0,0,0,0,0,0,0,0.0,0.0,0.0,0.0
1762708290.1268797,2,1,0,0,0,0,0,0,0,0,0.0,0.0,0.0,0.0
1762708290.1268797,2,2,0,0,0,0,0,0,0,0,0.0,0.0,0.0,0.0
1762708290.1268797,2,3,0,0,0,0,0,0,0,0,0.0,0.0,0.0,0.0
1762708291.1259189,3,4294967294,0,0,0,0,0,0,0,0,0.0,0.0,0.0,0.0
1762708291.1259189,3,1,0,0,0,0,0,0,0,0,0.0,0.0,0.0,0.0
1762708291.1259189,3,2,0,0,0,0,0,0,0,0,0.0,0.0,0.0,0.0
1762708291.1259189,1,4294967294,0,0,0,0,0,0,0,0,0.0,0.0,0.0,0.0
1762708291.1259189,1,1,0,0,0,0,0,0,0,0,0.0,0.0,0.0,0.0
1762708291.1259189,1,2,0,0,0,0,0,0,0,0,0.0,0.0,0.0,0.0
1762708291.1259189,1,3,0,0,0,0,0,0,0,0,0.0,0.0,0.0,0.0
1762708291.1259189,2,4294967294,0,0,0,0,0,0,0,0,0.0,0.0,0.0,0.0
1762708291.1259189,2,1,0,0,0,0,0,0,0,0,0.0,0.0,0.0,0.0
1762708291.1259189,2,2,0,0,0,0,0,0,0,0,0.0,0.0,0.0,0.0
1762708291.1259189,2,3,0,0,0,0,0,0,0,0,0.0,0.0,0.0,0.0
1762708292.1269436,3,4294967294,0,0,0,0,0,0,0,0,0.0,0.0,0.0,0.0
1762708292.1269436,3,1,0,0,0,0,0,0,0,0,0.0,0.0,0.0,0.0
1762708292.1269436,3,2,0,0,0,0,0,0,0,0,0.0,0.0,0.0,0.0
1762708292.1269436,1,4294967294,0,0,0,0,0,0,0,0,0.0,0.0,0.0,0.0
1762708292.1269436,1,1,0,0,0,0,0,0,0,0,0.0,0.0,0.0,0.0
1762708292.1269436,1,2,0,0,0,0,0,0,0,0,0.0,0.0,0.0,0.0
1762708292.1269436,1,3,0,0,0,0,0,0,0,0,0.0,0.0,0.0,0.0
1762708292.1269436,2,4294967294,0,0,0,0,0,0,0,0,0.0,0.0,0.0,0.0
1762708292.1269436,2,1,0,0,0,0,0,0,0,0,0.0,0.0,0.0,0.0
1762708292.1269436,2,2,0,0,0,0,0,0,0,0,0.0,0.0,0.0,0.0
1762708292.1269436,2,3,0,0,0,0,0,0,0,0,0.0,0.0,0.0,0.0
1762708293.1259103,3,4294967294,0,0,0,0,0,0,0,0,0.0,0.0,0.0,0.0
1762708293.1259103,3,1,0,0,0,0,0,0,0,0,0.0,0.0,0.0,0.0
1762708293.1259103,3,2,0,0,0,0,0,0,0,0,0.0,0.0,0.0,0.0
1762708293.1259103,1,4294967294,0,0,0,0,0,0,0,0,0.0,0.0,0.0,0.0
1762708293.1259103,1,1,0,0,0,0,0,0,0,0,0.0,0.0,0.0,0.0
1762708293.1259103,1,2,0,0,0,0,0,0,0,0,0.0,0.0,0.0,0.0
1762708293.1259103,1,3,0,0,0,0,0,0,0,0,0.0,0.0,0.0,0.0
1762708293.1259103,2,4294967294,0,0,0,0,0,0,0,0,0.0,0.0,0.0,0.0
1762708293.1259103,2,1,0,0,0,0,0,0,0,0,0.0,0.0,0.0,0.0
1762708293.1259103,2,2,0,0,0,0,0,0,0,0,0.0,0.0,0.0,0.0
1762708293.1259103,2,3,0,0,0,0,0,0,0,0,0.0,0.0,0.0,0.0
1762708294.126888,3,4294967294,0,0,0,0,0,0,0,0,0.0,0.0,0.0,0.0
1762708294.126888,3,1,0,0,0,0,0,0,0,0,0.0,0.0,0.0,0.0
1762708294.126888,3,2,0,0,0,0,0,0,0,0,0.0,0.0,0.0,0.0
1762708294.126888,1,4294967294,0,0,0,0,0,0,0,0,0.0,0.0,0.0,0.0
1762708294.126888,1,1,0,0,0,0,0,0,0,0,0.0,0.0,0.0,0.0
1762708294.126888,1,2,0,0,0,0,0,0,0,0,0.0,0.0,0.0,0.0
1762708294.126888,1,3,0,0,0,0,0,0,0,0,0.0,0.0,0.0,0.0
1762708294.126888,2,4294967294,0,0,0,0,0,0,0,0,0.0,0.0,0.0,0.0
1762708294.126888,2,1,0,0,0,0,0,0,0,0,0.0,0.0,0.0,0.0
1762708294.126888,2,2,0,0,0,0,0,0,0,0,0.0,0.0,0.0,0.0
1762708294.126888,2,3,0,0,0,0,0,0,0,0,0.0,0.0,0.0,0.0
1762708295.1268976,3,4294967294,0,0,0,0,0,0,0,0,0.0,0.0,0.0,0.0
1762708295.1268976,3,1,0,0,0,0,0,0,0,0,0.0,0.0,0.0,0.0
1762708295.1268976,3,2,0,0,0,0,0,0,0,0,0.0,0.0,0.0,0.0
1762708295.1268976,2,4294967294,0,0,0,0,0,0,0,0,0.0,0.0,0.0,0.0
1762708295.1268976,2,1,0,0,0,0,0,0,0,0,0.0,0.0,0.0,0.0
1762708295.1268976,2,2,0,0,0,0,0,0,0,0,0.0,0.0,0.0,0.0
1762708295.1268976,2,3,0,0,0,0,0,0,0,0,0.0,0.0,0.0,0.0
1762708295.1268976,1,4294967294,0,0,0,0,0,0,0,0,0.0,0.0,0.0,0.0
1762708295.1268976,1,1,0,0,0,0,0,0,0,0,0.0,0.0,0.0,0.0
1762708295.1268976,1,2,0,0,0,0,0,0,0,0,0.0,0.0,0.0,0.0
1762708295.1268976,1,3,0,0,0,0,0,0,0,0,0.0,0.0,0.0,0.0
1762708296.1268759,3,4294967294,0,0,0,0,0,0,0,0,0.0,0.0,0.0,0.0
1762708296.1268759,3,1,0,0,0,0,0,0,0,0,0.0,0.0,0.0,0.0
1762708296.1268759,3,2,0,0,0,0,0,0,0,0,0.0,0.0,0.0,0.0
1762708296.1268759,2,4294967294,0,0,0,0,0,0,0,0,0.0,0.0,0.0,0.0
1762708296.1268759,2,1,0,0,0,0,0,0,0,0,0.0,0.0,0.0,0.0
1762708296.1268759,2,2,0,0,0,0,0,0,0,0,0.0,0.0,0.0,0.0
1762708296.1268759,2,3,0,0,0,0,0,0,0,0,0.0,0.0,0.0,0.0
1762708296.1268759,1,4294967294,0,0,0,0,0,0,0,0,0.0,0.0,0.0,0.0
1762708296.1268759,1,1,0,0,0,0,0,0,0,0,0.0,0.0,0.0,0.0
1762708296.1268759,1,2,0,0,0,0,0,0,0,0,0.0,0.0,0.0,0.0
1762708296.1268759,1,3,0,0,0,0,0,0,0,0,0.0,0.0,0.0,0.0
1762708297.1268535,3,4294967294,0,0,0,0,0,0,0,0,0.0,0.0,0.0,0.0
1762708297.1268535,3,1,0,0,0,0,0,0,0,0,0.0,0.0,0.0,0.0
1762708297.1268535,3,2,0,0,0,0,0,0,0,0,0.0,0.0,0.0,0.0
1762708297.1268535,1,4294967294,0,0,0,0,0,0,0,0,0.0,0.0,0.0,0.0
1762708297.1268535,1,1,0,0,0,0,0,0,0,0,0.0,0.0,0.0,0.0
1762708297.1268535,1,2,0,0,0,0,0,0,0,0,0.0,0.0,0.0,0.0
1762708297.1268535,1,3,0,0,0,0,0,0,0,0,0.0,0.0,0.0,0.0
1762708297.1268535,2,4294967294,0,0,0,0,0,0,0,0,0.0,0.0,0.0,0.0
1762708297.1268535,2,1,0,0,0,0,0,0,0,0,0.0,0.0,0.0,0.0
1762708297.1268535,2,2,0,0,0,0,0,0,0,0,0.0,0.0,0.0,0.0
1762708297.1268535,2,3,0,0,0,0,0,0,0,0,0.0,0.0,0.0,0.0
1762708298.1268694,3,4294967294,0,0,0,0,0,0,0,0,0.0,0.0,0.0,0.0
1762708298.1268694,3,1,0,0,0,0,0,0,0,0,0.0,0.0,0.0,0.0
1762708298.1268694,3,2,0,0,0,0,0,0,0,0,0.0,0.0,0.0,0.0
1762708298.1268694,1,4294967294,0,0,0,0,0,0,0,0,0.0,0.0,0.0,0.0
1762708298.1268694,1,1,0,0,0,0,0,0,0,0,0.0,0.0,0.0,0.0
1762708298.1268694,1,2,0,0,0,0,0,0,0,0,0.0,0.0,0.0,0.0
1762708298.1268694,1,3,0,0,0,0,0,0,0,0,0.0,0.0,0.0,0.0
1762708298.1268694,2,4294967294,0,0,0,0,0,0,0,0,0.0,0.0,0.0,0.0
1762708298.1268694,2,1,0,0,0,0,0,0,0,0,0.0,0.0,0.0,0.0
1762708298.1268694,2,2,0,0,0,0,0,0,0,0,0.0,0.0,0.0,0.0
1762708298.1268694,2,3,0,0,0,0,0,0,0,0,0.0,0.0,0.0,0.0
1762708299.125885,3,4294967294,0,0,0,0,0,0,0,0,0.0,0.0,0.0,0.0
1762708299.125885,3,1,0,0,0,0,0,0,0,0,0.0,0.0,0.0,0.0
1762708299.125885,3,2,0,0,0,0,0,0,0,0,0.0,0.0,0.0,0.0
1762708299.125885,1,4294967294,0,0,0,0,0,0,0,0,0.0,0.0,0.0,0.0
1762708299.125885,1,1,0,0,0,0,0,0,0,0,0.0,0.0,0.0,0.0
1762708299.125885,1,2,0,0,0,0,0,0,0,0,0.0,0.0,0.0,0.0
1762708299.125885,1,3,0,0,0,0,0,0,0,0,0.0,0.0,0.0,0.0
1762708299.125885,2,4294967294,0,0,0,0,0,0,0,0,0.0,0.0,0.0,0.0
1762708299.125885,2,1,0,0,0,0,0,0,0,0,0.0,0.0,0.0,0.0
1762708299.125885,2,2,0,0,0,0,0,0,0,0,0.0,0.0,0.0,0.0
1762708299.125885,2,3,0,0,0,0,0,0,0,0,0.0,0.0,0.0,0.0
1762708300.126864,3,4294967294,0,0,0,0,0,0,0,0,0.0,0.0,0.0,0.0
1762708300.126864,3,1,0,0,0,0,0,0,0,0,0.0,0.0,0.0,0.0
1762708300.126864,3,2,0,0,0,0,0,0,0,0,0.0,0.0,0.0,0.0
1762708300.126864,1,4294967294,0,0,0,0,0,0,0,0,0.0,0.0,0.0,0.0
1762708300.126864,1,1,0,0,0,0,0,0,0,0,0.0,0.0,0.0,0.0
1762708300.126864,1,2,0,0,0,0,0,0,0,0,0.0,0.0,0.0,0.0
1762708300.126864,1,3,0,0,0,0,0,0,0,0,0.0,0.0,0.0,0.0
1762708300.126864,2,4294967294,0,0,0,0,0,0,0,0,0.0,0.0,0.0,0.0
1762708300.126864,2,1,0,0,0,0,0,0,0,0,0.0,0.0,0.0,0.0
1762708300.126864,2,2,0,0,0,0,0,0,0,0,0.0,0.0,0.0,0.0
1762708300.126864,2,3,0,0,0,0,0,0,0,0,0.0,0.0,0.0,0.0
1762708301.1269546,3,4294967294,0,0,0,0,0,0,0,0,0.0,0.0,0.0,0.0
1762708301.1269546,3,1,0,0,0,0,0,0,0,0,0.0,0.0,0.0,0.0
1762708301.1269546,3,2,0,0,0,0,0,0,0,0,0.0,0.0,0.0,0.0
1762708301.1269546,1,4294967294,0,0,0,0,0,0,0,0,0.0,0.0,0.0,0.0
1762708301.1269546,1,1,0,0,0,0,0,0,0,0,0.0,0.0,0.0,0.0
1762708301.1269546,1,2,0,0,0,0,0,0,0,0,0.0,0.0,0.0,0.0
1762708301.1269546,1,3,0,0,0,0,0,0,0,0,0.0,0.0,0.0,0.0
1762708301.1269546,2,4294967294,0,0,0,0,0,0,0,0,0.0,0.0,0.0,0.0
1762708301.1269546,2,1,0,0,0,0,0,0,0,0,0.0,0.0,0.0,0.0
1762708301.1269546,2,2,0,0,0,0,0,0,0,0,0.0,0.0,0.0,0.0
1762708301.1269546,2,3,0,0,0,0,0,0,0,0,0.0,0.0,0.0,0.0
1762708302.126944,3,4294967294,0,0,0,0,0,0,0,0,0.0,0.0,0.0,0.0
1762708302.126944,3,1,0,0,0,0,0,0,0,0,0.0,0.0,0.0,0.0
1762708302.126944,3,2,0,0,0,0,0,0,0,0,0.0,0.0,0.0,0.0
1762708302.126944,1,4294967294,0,0,0,0,0,0,0,0,0.0,0.0,0.0,0.0
1762708302.126944,1,1,0,0,0,0,0,0,0,0,0.0,0.0,0.0,0.0
1762708302.126944,1,2,0,0,0,0,0,0,0,0,0.0,0.0,0.0,0.0
1762708302.126944,1,3,0,0,0,0,0,0,0,0,0.0,0.0,0.0,0.0
1762708302.126944,2,4294967294,0,0,0,0,0,0,0,0,0.0,0.0,0.0,0.0
1762708302.126944,2,1,0,0,0,0,0,0,0,0,0.0,0.0,0.0,0.0
1762708302.126944,2,2,0,0,0,0,0,0,0,0,0.0,0.0,0.0,0.0
1762708302.126944,2,3,0,0,0,0,0,0,0,0,0.0,0.0,0.0,0.0
1762708303.126956,3,4294967294,0,0,0,0,0,0,0,0,0.0,0.0,0.0,0.0
1762708303.126956,3,1,0,0,0,0,0,0,0,0,0.0,0.0,0.0,0.0
1762708303.126956,3,2,0,0,0,0,0,0,0,0,0.0,0.0,0.0,0.0
1762708303.126956,1,4294967294,0,0,0,0,0,0,0,0,0.0,0.0,0.0,0.0
1762708303.126956,1,1,0,0,0,0,0,0,0,0,0.0,0.0,0.0,0.0
1762708303.126956,1,2,0,0,0,0,0,0,0,0,0.0,0.0,0.0,0.0
1762708303.126956,1,3,0,0,0,0,0,0,0,0,0.0,0.0,0.0,0.0
1762708303.126956,2,4294967294,0,0,0,0,0,0,0,0,0.0,0.0,0.0,0.0
1762708303.126956,2,1,0,0,0,0,0,0,0,0,0.0,0.0,0.0,0.0
1762708303.126956,2,2,0,0,0,0,0,0,0,0,0.0,0.0,0.0,0.0
1762708303.126956,2,3,0,0,0,0,0,0,0,0,0.0,0.0,0.0,0.0
1762708304.1269631,3,4294967294,0,0,0,0,0,0,0,0,0.0,0.0,0.0,0.0
1762708304.1269631,3,1,0,0,0,0,0,0,0,0,0.0,0.0,0.0,0.0
1762708304.1269631,3,2,0,0,0,0,0,0,0,0,0.0,0.0,0.0,0.0
1762708304.1269631,1,4294967294,0,0,0,0,0,0,0,0,0.0,0.0,0.0,0.0
1762708304.1269631,1,1,0,0,0,0,0,0,0,0,0.0,0.0,0.0,0.0
1762708304.1269631,1,2,0,0,0,0,0,0,0,0,0.0,0.0,0.0,0.0
1762708304.1269631,1,3,0,0,0,0,0,0,0,0,0.0,0.0,0.0,0.0
1762708304.1269631,2,4294967294,0,0,0,0,0,0,0,0,0.0,0.0,0.0,0.0
1762708304.1269631,2,1,0,0,0,0,0,0,0,0,0.0,0.0,0.0,0.0
1762708304.1269631,2,2,0,0,0,0,0,0,0,0,0.0,0.0,0.0,0.0
1762708304.1269631,2,3,0,0,0,0,0,0,0,0,0.0,0.0,0.0,0.0
1762708305.126945,3,4294967294,0,0,0,0,0,0,0,0,0.0,0.0,0.0,0.0
1762708305.126945,3,1,0,0,0,0,0,0,0,0,0.0,0.0,0.0,0.0
1762708305.126945,3,2,0,0,0,0,0,0,0,0,0.0,0.0,0.0,0.0
1762708305.126945,1,4294967294,0,0,0,0,0,0,0,0,0.0,0.0,0.0,0.0
1762708305.126945,1,1,0,0,0,0,0,0,0,0,0.0,0.0,0.0,0.0
1762708305.126945,1,2,0,0,0,0,0,0,0,0,0.0,0.0,0.0,0.0
1762708305.126945,1,3,0,0,0,0,0,0,0,0,0.0,0.0,0.0,0.0
1762708305.126945,2,4294967294,0,0,0,0,0,0,0,0,0.0,0.0,0.0,0.0
1762708305.126945,2,1,0,0,0,0,0,0,0,0,0.0,0.0,0.0,0.0
1762708305.126945,2,2,0,0,0,0,0,0,0,0,0.0,0.0,0.0,0.0
1762708305.126945,2,3,0,0,0,0,0,0,0,0,0.0,0.0,0.0,0.0
1762708306.1268897,3,4294967294,0,0,0,0,0,0,0,0,0.0,0.0,0.0,0.0
1762708306.1268897,3,1,0,0,0,0,0,0,0,0,0.0,0.0,0.0,0.0
1762708306.1268897,3,2,0,0,0,0,0,0,0,0,0.0,0.0,0.0,0.0
1762708306.1268897,1,4294967294,0,0,0,0,0,0,0,0,0.0,0.0,0.0,0.0
1762708306.1268897,1,1,0,0,0,0,0,0,0,0,0.0,0.0,0.0,0.0
1762708306.1268897,1,2,0,0,0,0,0,0,0,0,0.0,0.0,0.0,0.0
1762708306.1268897,1,3,0,0,0,0,0,0,0,0,0.0,0.0,0.0,0.0
1762708306.1268897,2,4294967294,0,0,0,0,0,0,0,0,0.0,0.0,0.0,0.0
1762708306.1268897,2,1,0,0,0,0,0,0,0,0,0.0,0.0,0.0,0.0
1762708306.1268897,2,2,0,0,0,0,0,0,0,0,0.0,0.0,0.0,0.0
1762708306.1268897,2,3,0,0,0,0,0,0,0,0,0.0,0.0,0.0,0.0
1762708307.1269422,3,4294967294,0,0,0,0,0,0,0,0,0.0,0.0,0.0,0.0
1762708307.1269422,3,1,0,0,0,0,0,0,0,0,0.0,0.0,0.0,0.0
1762708307.1269422,3,2,0,0,0,0,0,0,0,0,0.0,0.0,0.0,0.0
1762708307.1269422,1,4294967294,0,0,0,0,0,0,0,0,0.0,0.0,0.0,0.0
1762708307.1269422,1,1,0,0,0,0,0,0,0,0,0.0,0.0,0.0,0.0
1762708307.1269422,1,2,0,0,0,0,0,0,0,0,0.0,0.0,0.0,0.0
1762708307.1269422,1,3,0,0,0,0,0,0,0,0,0.0,0.0,0.0,0.0
1762708307.1269422,2,4294967294,0,0,0,0,0,0,0,0,0.0,0.0,0.0,0.0
1762708307.1269422,2,1,0,0,0,0,0,0,0,0,0.0,0.0,0.0,0.0
1762708307.1269422,2,2,0,0,0,0,0,0,0,0,0.0,0.0,0.0,0.0
1762708307.1269422,2,3,0,0,0,0,0,0,0,0,0.0,0.0,0.0,0.0
1762708308.1268554,3,4294967294,0,0,0,0,0,0,0,0,0.0,0.0,0.0,0.0
1762708308.1268554,3,1,0,0,0,0,0,0,0,0,0.0,0.0,0.0,0.0
1762708308.1268554,3,2,0,0,0,0,0,0,0,0,0.0,0.0,0.0,0.0
1762708308.1268554,1,4294967294,0,0,0,0,0,0,0,0,0.0,0.0,0.0,0.0
1762708308.1268554,1,1,0,0,0,0,0,0,0,0,0.0,0.0,0.0,0.0
1762708308.1268554,1,2,0,0,0,0,0,0,0,0,0.0,0.0,0.0,0.0
1762708308.1268554,1,3,0,0,0,0,0,0,0,0,0.0,0.0,0.0,0.0
1762708308.1268554,2,4294967294,0,0,0,0,0,0,0,0,0.0,0.0,0.0,0.0
1762708308.1268554,2,1,0,0,0,0,0,0,0,0,0.0,0.0,0.0,0.0
1762708308.1268554,2,2,0,0,0,0,0,0,0,0,0.0,0.0,0.0,0.0
1762708308.1268554,2,3,0,0,0,0,0,0,0,0,0.0,0.0,0.0,0.0
1762708309.1269608,3,4294967294,0,0,0,0,0,0,0,0,0.0,0.0,0.0,0.0
1762708309.1269608,3,1,0,0,0,0,0,0,0,0,0.0,0.0,0.0,0.0
1762708309.1269608,3,2,0,0,0,0,0,0,0,0,0.0,0.0,0.0,0.0
1762708309.1269608,1,4294967294,0,0,0,0,0,0,0,0,0.0,0.0,0.0,0.0
1762708309.1269608,1,1,0,0,0,0,0,0,0,0,0.0,0.0,0.0,0.0
1762708309.1269608,1,2,0,0,0,0,0,0,0,0,0.0,0.0,0.0,0.0
1762708309.1269608,1,3,0,0,0,0,0,0,0,0,0.0,0.0,0.0,0.0
1762708309.1269608,2,4294967294,0,0,0,0,0,0,0,0,0.0,0.0,0.0,0.0
1762708309.1269608,2,1,0,0,0,0,0,0,0,0,0.0,0.0,0.0,0.0
1762708309.1269608,2,2,0,0,0,0,0,0,0,0,0.0,0.0,0.0,0.0
1762708309.1269608,2,3,0,0,0,0,0,0,0,0,0.0,0.0,0.0,0.0
1762708310.126929,3,4294967294,0,0,0,0,0,0,0,0,0.0,0.0,0.0,0.0
1762708310.126929,3,1,0,0,0,0,0,0,0,0,0.0,0.0,0.0,0.0
1762708310.126929,3,2,0,0,0,0,0,0,0,0,0.0,0.0,0.0,0.0
1762708310.126929,1,4294967294,0,0,0,0,0,0,0,0,0.0,0.0,0.0,0.0
1762708310.126929,1,1,0,0,0,0,0,0,0,0,0.0,0.0,0.0,0.0
1762708310.126929,1,2,0,0,0,0,0,0,0,0,0.0,0.0,0.0,0.0
1762708310.126929,1,3,0,0,0,0,0,0,0,0,0.0,0.0,0.0,0.0
1762708310.126929,2,4294967294,0,0,0,0,0,0,0,0,0.0,0.0,0.0,0.0
1762708310.126929,2,1,0,0,0,0,0,0,0,0,0.0,0.0,0.0,0.0
1762708310.126929,2,2,0,0,0,0,0,0,0,0,0.0,0.0,0.0,0.0
1762708310.126929,2,3,0,0,0,0,0,0,0,0,0.0,0.0,0.0,0.0
1762708311.1269312,3,4294967294,0,0,0,0,0,0,0,0,0.0,0.0,0.0,0.0
1762708311.1269312,3,1,0,0,0,0,0,0,0,0,0.0,0.0,0.0,0.0
1762708311.1269312,3,2,0,0,0,0,0,0,0,0,0.0,0.0,0.0,0.0
1762708311.1269312,1,4294967294,0,0,0,0,0,0,0,0,0.0,0.0,0.0,0.0
1762708311.1269312,1,1,0,0,0,0,0,0,0,0,0.0,0.0,0.0,0.0
1762708311.1269312,1,2,0,0,0,0,0,0,0,0,0.0,0.0,0.0,0.0
1762708311.1269312,1,3,0,0,0,0,0,0,0,0,0.0,0.0,0.0,0.0
1762708311.1269312,2,4294967294,0,0,0,0,0,0,0,0,0.0,0.0,0.0,0.0
1762708311.1269312,2,1,0,0,0,0,0,0,0,0,0.0,0.0,0.0,0.0
1762708311.1269312,2,2,0,0,0,0,0,0,0,0,0.0,0.0,0.0,0.0
1762708311.1269312,2,3,0,0,0,0,0,0,0,0,0.0,0.0,0.0,0.0
1762708312.127009,3,4294967294,0,0,0,0,0,0,0,0,0.0,0.0,0.0,0.0
1762708312.127009,3,1,0,0,0,0,0,0,0,0,0.0,0.0,0.0,0.0
1762708312.127009,3,2,0,0,0,0,0,0,0,0,0.0,0.0,0.0,0.0
1762708312.127009,1,4294967294,0,0,0,0,0,0,0,0,0.0,0.0,0.0,0.0
1762708312.127009,1,1,0,0,0,0,0,0,0,0,0.0,0.0,0.0,0.0
1762708312.127009,1,2,0,0,0,0,0,0,0,0,0.0,0.0,0.0,0.0
1762708312.127009,1,3,0,0,0,0,0,0,0,0,0.0,0.0,0.0,0.0
1762708312.127009,2,4294967294,0,0,0,0,0,0,0,0,0.0,0.0,0.0,0.0
1762708312.127009,2,1,0,0,0,0,0,0,0,0,0.0,0.0,0.0,0.0
1762708312.127009,2,2,0,0,0,0,0,0,0,0,0.0,0.0,0.0,0.0
1762708312.127009,2,3,0,0,0,0,0,0,0,0,0.0,0.0,0.0,0.0
1762708313.1268852,3,4294967294,0,0,0,0,0,0,0,0,0.0,0.0,0.0,0.0
1762708313.1268852,3,1,0,0,0,0,0,0,0,0,0.0,0.0,0.0,0.0
1762708313.1268852,3,2,0,0,0,0,0,0,0,0,0.0,0.0,0.0,0.0
1762708313.1268852,1,4294967294,0,0,0,0,0,0,0,0,0.0,0.0,0.0,0.0
1762708313.1268852,1,1,0,0,0,0,0,0,0,0,0.0,0.0,0.0,0.0
1762708313.1268852,1,2,0,0,0,0,0,0,0,0,0.0,0.0,0.0,0.0
1762708313.1268852,1,3,0,0,0,0,0,0,0,0,0.0,0.0,0.0,0.0
1762708313.1268852,2,4294967294,0,0,0,0,0,0,0,0,0.0,0.0,0.0,0.0
1762708313.1268852,2,1,0,0,0,0,0,0,0,0,0.0,0.0,0.0,0.0
1762708313.1268852,2,2,0,0,0,0,0,0,0,0,0.0,0.0,0.0,0.0
1762708313.1268852,2,3,0,0,0,0,0,0,0,0,0.0,0.0,0.0,0.0
1762708314.1259806,3,4294967294,0,0,0,0,0,0,0,0,0.0,0.0,0.0,0.0
1762708314.1259806,3,1,0,0,0,0,0,0,0,0,0.0,0.0,0.0,0.0
1762708314.1259806,3,2,0,0,0,0,0,0,0,0,0.0,0.0,0.0,0.0
1762708314.1259806,1,4294967294,0,0,0,0,0,0,0,0,0.0,0.0,0.0,0.0
1762708314.1259806,1,1,0,0,0,0,0,0,0,0,0.0,0.0,0.0,0.0
1762708314.1259806,1,2,0,0,0,0,0,0,0,0,0.0,0.0,0.0,0.0
1762708314.1259806,1,3,0,0,0,0,0,0,0,0,0.0,0.0,0.0,0.0
1762708314.1259806,2,4294967294,0,0,0,0,0,0,0,0,0.0,0.0,0.0,0.0
1762708314.1259806,2,1,0,0,0,0,0,0,0,0,0.0,0.0,0.0,0.0
1762708314.1259806,2,2,0,0,0,0,0,0,0,0,0.0,0.0,0.0,0.0
1762708314.1259806,2,3,0,0,0,0,0,0,0,0,0.0,0.0,0.0,0.0
1762708315.1268516,3,4294967294,0,0,0,0,0,0,0,0,0.0,0.0,0.0,0.0
1762708315.1268516,3,1,0,0,0,0,0,0,0,0,0.0,0.0,0.0,0.0
1762708315.1268516,3,2,0,0,0,0,0,0,0,0,0.0,0.0,0.0,0.0
1762708315.1268516,1,4294967294,0,0,0,0,0,0,0,0,0.0,0.0,0.0,0.0
1762708315.1268516,1,1,0,0,0,0,0,0,0,0,0.0,0.0,0.0,0.0
1762708315.1268516,1,2,0,0,0,0,0,0,0,0,0.0,0.0,0.0,0.0
1762708315.1268516,1,3,0,0,0,0,0,0,0,0,0.0,0.0,0.0,0.0
1762708315.1268516,2,4294967294,0,0,0,0,0,0,0,0,0.0,0.0,0.0,0.0
1762708315.1268516,2,1,0,0,0,0,0,0,0,0,0.0,0.0,0.0,0.0
1762708315.1268516,2,2,0,0,0,0,0,0,0,0,0.0,0.0,0.0,0.0
1762708315.1268516,2,3,0,0,0,0,0,0,0,0,0.0,0.0,0.0,0.0
1762708316.1268735,3,4294967294,0,0,0,0,0,0,0,0,0.0,0.0,0.0,0.0
1762708316.1268735,3,1,0,0,0,0,0,0,0,0,0.0,0.0,0.0,0.0
1762708316.1268735,3,2,0,0,0,0,0,0,0,0,0.0,0.0,0.0,0.0
1762708316.1268735,1,4294967294,0,0,0,0,0,0,0,0,0.0,0.0,0.0,0.0
1762708316.1268735,1,1,0,0,0,0,0,0,0,0,0.0,0.0,0.0,0.0
1762708316.1268735,1,2,0,0,0,0,0,0,0,0,0.0,0.0,0.0,0.0
1762708316.1268735,1,3,0,0,0,0,0,0,0,0,0.0,0.0,0.0,0.0
1762708316.1268735,2,4294967294,0,0,0,0,0,0,0,0,0.0,0.0,0.0,0.0
1762708316.1268735,2,1,0,0,0,0,0,0,0,0,0.0,0.0,0.0,0.0
1762708316.1268735,2,2,0,0,0,0,0,0,0,0,0.0,0.0,0.0,0.0
1762708316.1268735,2,3,0,0,0,0,0,0,0,0,0.0,0.0,0.0,0.0
1762708317.1269531,3,4294967294,0,0,0,0,0,0,0,0,0.0,0.0,0.0,0.0
1762708317.1269531,3,1,0,0,0,0,0,0,0,0,0.0,0.0,0.0,0.0
1762708317.1269531,3,2,0,0,0,0,0,0,0,0,0.0,0.0,0.0,0.0
1762708317.1269531,1,4294967294,0,0,0,0,0,0,0,0,0.0,0.0,0.0,0.0
1762708317.1269531,1,1,0,0,0,0,0,0,0,0,0.0,0.0,0.0,0.0
1762708317.1269531,1,2,0,0,0,0,0,0,0,0,0.0,0.0,0.0,0.0
1762708317.1269531,1,3,0,0,0,0,0,0,0,0,0.0,0.0,0.0,0.0
1762708317.1269531,2,4294967294,0,0,0,0,0,0,0,0,0.0,0.0,0.0,0.0
1762708317.1269531,2,1,0,0,0,0,0,0,0,0,0.0,0.0,0.0,0.0
1762708317.1269531,2,2,0,0,0,0,0,0,0,0,0.0,0.0,0.0,0.0
1762708317.1269531,2,3,0,0,0,0,0,0,0,0,0.0,0.0,0.0,0.0
1762708318.1268554,3,4294967294,0,0,0,0,0,0,0,0,0.0,0.0,0.0,0.0
1762708318.1268554,3,1,0,0,0,0,0,0,0,0,0.0,0.0,0.0,0.0
1762708318.1268554,3,2,0,0,0,0,0,0,0,0,0.0,0.0,0.0,0.0
1762708318.1268554,1,4294967294,0,0,0,0,0,0,0,0,0.0,0.0,0.0,0.0
1762708318.1268554,1,1,0,0,0,0,0,0,0,0,0.0,0.0,0.0,0.0
1762708318.1268554,1,2,0,0,0,0,0,0,0,0,0.0,0.0,0.0,0.0
1762708318.1268554,1,3,0,0,0,0,0,0,0,0,0.0,0.0,0.0,0.0
1762708318.1268554,2,4294967294,0,0,0,0,0,0,0,0,0.0,0.0,0.0,0.0
1762708318.1268554,2,1,0,0,0,0,0,0,0,0,0.0,0.0,0.0,0.0
1762708318.1268554,2,2,0,0,0,0,0,0,0,0,0.0,0.0,0.0,0.0
1762708318.1268554,2,3,0,0,0,0,0,0,0,0,0.0,0.0,0.0,0.0
1762708319.1268725,3,4294967294,0,0,0,0,0,0,0,0,0.0,0.0,0.0,0.0
1762708319.1268725,3,1,0,0,0,0,0,0,0,0,0.0,0.0,0.0,0.0
1762708319.1268725,3,2,0,0,0,0,0,0,0,0,0.0,0.0,0.0,0.0
1762708319.1268725,1,4294967294,0,0,0,0,0,0,0,0,0.0,0.0,0.0,0.0
1762708319.1268725,1,1,0,0,0,0,0,0,0,0,0.0,0.0,0.0,0.0
1762708319.1268725,1,2,0,0,0,0,0,0,0,0,0.0,0.0,0.0,0.0
1762708319.1268725,1,3,0,0,0,0,0,0,0,0,0.0,0.0,0.0,0.0
1762708319.1268725,2,4294967294,0,0,0,0,0,0,0,0,0.0,0.0,0.0,0.0
1762708319.1268725,2,1,0,0,0,0,0,0,0,0,0.0,0.0,0.0,0.0
1762708319.1268725,2,2,0,0,0,0,0,0,0,0,0.0,0.0,0.0,0.0
1762708319.1268725,2,3,0,0,0,0,0,0,0,0,0.0,0.0,0.0,0.0
1762708320.1268868,3,4294967294,0,0,0,0,0,0,0,0,0.0,0.0,0.0,0.0
1762708320.1268868,3,1,0,0,0,0,0,0,0,0,0.0,0.0,0.0,0.0
1762708320.1268868,3,2,0,0,0,0,0,0,0,0,0.0,0.0,0.0,0.0
1762708320.1268868,1,4294967294,0,0,0,0,0,0,0,0,0.0,0.0,0.0,0.0
1762708320.1268868,1,1,0,0,0,0,0,0,0,0,0.0,0.0,0.0,0.0
1762708320.1268868,1,2,0,0,0,0,0,0,0,0,0.0,0.0,0.0,0.0
1762708320.1268868,1,3,0,0,0,0,0,0,0,0,0.0,0.0,0.0,0.0
1762708320.1268868,2,4294967294,0,0,0,0,0,0,0,0,0.0,0.0,0.0,0.0
1762708320.1268868,2,1,0,0,0,0,0,0,0,0,0.0,0.0,0.0,0.0
1762708320.1268868,2,2,0,0,0,0,0,0,0,0,0.0,0.0,0.0,0.0
1762708320.1268868,2,3,0,0,0,0,0,0,0,0,0.0,0.0,0.0,0.0
1762708321.1268826,3,4294967294,0,0,0,0,0,0,0,0,0.0,0.0,0.0,0.0
1762708321.1268826,3,1,0,0,0,0,0,0,0,0,0.0,0.0,0.0,0.0
1762708321.1268826,3,2,0,0,0,0,0,0,0,0,0.0,0.0,0.0,0.0
1762708321.1268826,1,4294967294,0,0,0,0,0,0,0,0,0.0,0.0,0.0,0.0
1762708321.1268826,1,1,0,0,0,0,0,0,0,0,0.0,0.0,0.0,0.0
1762708321.1268826,1,2,0,0,0,0,0,0,0,0,0.0,0.0,0.0,0.0
1762708321.1268826,1,3,0,0,0,0,0,0,0,0,0.0,0.0,0.0,0.0
1762708321.1268826,2,4294967294,0,0,0,0,0,0,0,0,0.0,0.0,0.0,0.0
1762708321.1268826,2,1,0,0,0,0,0,0,0,0,0.0,0.0,0.0,0.0
1762708321.1268826,2,2,0,0,0,0,0,0,0,0,0.0,0.0,0.0,0.0
1762708321.1268826,2,3,0,0,0,0,0,0,0,0,0.0,0.0,0.0,0.0
1762708322.1269162,3,4294967294,0,0,0,0,0,0,0,0,0.0,0.0,0.0,0.0
1762708322.1269162,3,1,0,0,0,0,0,0,0,0,0.0,0.0,0.0,0.0
1762708322.1269162,3,2,0,0,0,0,0,0,0,0,0.0,0.0,0.0,0.0
1762708322.1269162,1,4294967294,0,0,0,0,0,0,0,0,0.0,0.0,0.0,0.0
1762708322.1269162,1,1,0,0,0,0,0,0,0,0,0.0,0.0,0.0,0.0
1762708322.1269162,1,2,0,0,0,0,0,0,0,0,0.0,0.0,0.0,0.0
1762708322.1269162,1,3,0,0,0,0,0,0,0,0,0.0,0.0,0.0,0.0
1762708322.1269162,2,4294967294,0,0,0,0,0,0,0,0,0.0,0.0,0.0,0.0
1762708322.1269162,2,1,0,0,0,0,0,0,0,0,0.0,0.0,0.0,0.0
1762708322.1269162,2,2,0,0,0,0,0,0,0,0,0.0,0.0,0.0,0.0
1762708322.1269162,2,3,0,0,0,0,0,0,0,0,0.0,0.0,0.0,0.0
1762708323.1269712,3,4294967294,0,0,0,0,0,0,0,0,0.0,0.0,0.0,0.0
1762708323.1269712,3,1,0,0,0,0,0,0,0,0,0.0,0.0,0.0,0.0
1762708323.1269712,3,2,0,0,0,0,0,0,0,0,0.0,0.0,0.0,0.0
1762708323.1269712,1,4294967294,0,0,0,0,0,0,0,0,0.0,0.0,0.0,0.0
1762708323.1269712,1,1,0,0,0,0,0,0,0,0,0.0,0.0,0.0,0.0
1762708323.1269712,1,2,0,0,0,0,0,0,0,0,0.0,0.0,0.0,0.0
1762708323.1269712,1,3,0,0,0,0,0,0,0,0,0.0,0.0,0.0,0.0
1762708323.1269712,2,4294967294,0,0,0,0,0,0,0,0,0.0,0.0,0.0,0.0
1762708323.1269712,2,1,0,0,0,0,0,0,0,0,0.0,0.0,0.0,0.0
1762708323.1269712,2,2,0,0,0,0,0,0,0,0,0.0,0.0,0.0,0.0
1762708323.1269712,2,3,0,0,0,0,0,0,0,0,0.0,0.0,0.0,0.0
1762708324.126906,3,4294967294,0,0,0,0,0,0,0,0,0.0,0.0,0.0,0.0
1762708324.126906,3,1,0,0,0,0,0,0,0,0,0.0,0.0,0.0,0.0
1762708324.126906,3,2,0,0,0,0,0,0,0,0,0.0,0.0,0.0,0.0
1762708324.126906,1,4294967294,0,0,0,0,0,0,0,0,0.0,0.0,0.0,0.0
1762708324.126906,1,1,0,0,0,0,0,0,0,0,0.0,0.0,0.0,0.0
1762708324.126906,1,2,0,0,0,0,0,0,0,0,0.0,0.0,0.0,0.0
1762708324.126906,1,3,0,0,0,0,0,0,0,0,0.0,0.0,0.0,0.0
1762708324.126906,2,4294967294,0,0,0,0,0,0,0,0,0.0,0.0,0.0,0.0
1762708324.126906,2,1,0,0,0,0,0,0,0,0,0.0,0.0,0.0,0.0
1762708324.126906,2,2,0,0,0,0,0,0,0,0,0.0,0.0,0.0,0.0
1762708324.126906,2,3,0,0,0,0,0,0,0,0,0.0,0.0,0.0,0.0
1762708325.1258986,3,4294967294,0,0,0,0,0,0,0,0,0.0,0.0,0.0,0.0
1762708325.1258986,3,1,0,0,0,0,0,0,0,0,0.0,0.0,0.0,0.0
1762708325.1258986,3,2,0,0,0,0,0,0,0,0,0.0,0.0,0.0,0.0
1762708325.1258986,1,4294967294,0,0,0,0,0,0,0,0,0.0,0.0,0.0,0.0
1762708325.1258986,1,1,0,0,0,0,0,0,0,0,0.0,0.0,0.0,0.0
1762708325.1258986,1,2,0,0,0,0,0,0,0,0,0.0,0.0,0.0,0.0
1762708325.1258986,1,3,0,0,0,0,0,0,0,0,0.0,0.0,0.0,0.0
1762708325.1258986,2,4294967294,0,0,0,0,0,0,0,0,0.0,0.0,0.0,0.0
1762708325.1258986,2,1,0,0,0,0,0,0,0,0,0.0,0.0,0.0,0.0
1762708325.1258986,2,2,0,0,0,0,0,0,0,0,0.0,0.0,0.0,0.0
1762708325.1258986,2,3,0,0,0,0,0,0,0,0,0.0,0.0,0.0,0.0
1762708326.1260078,3,4294967294,0,0,0,0,0,0,0,0,0.0,0.0,0.0,0.0
1762708326.1260078,3,1,0,0,0,0,0,0,0,0,0.0,0.0,0.0,0.0
1762708326.1260078,3,2,0,0,0,0,0,0,0,0,0.0,0.0,0.0,0.0
1762708326.1260078,1,4294967294,0,0,0,0,0,0,0,0,0.0,0.0,0.0,0.0
1762708326.1260078,1,1,0,0,0,0,0,0,0,0,0.0,0.0,0.0,0.0
1762708326.1260078,1,2,0,0,0,0,0,0,0,0,0.0,0.0,0.0,0.0
1762708326.1260078,1,3,0,0,0,0,0,0,0,0,0.0,0.0,0.0,0.0
1762708326.1260078,2,4294967294,0,0,0,0,0,0,0,0,0.0,0.0,0.0,0.0
1762708326.1260078,2,1,0,0,0,0,0,0,0,0,0.0,0.0,0.0,0.0
1762708326.1260078,2,2,0,0,0,0,0,0,0,0,0.0,0.0,0.0,0.0
1762708326.1260078,2,3,0,0,0,0,0,0,0,0,0.0,0.0,0.0,0.0
1762708327.1269662,3,4294967294,0,0,0,0,0,0,0,0,0.0,0.0,0.0,0.0
1762708327.1269662,3,1,0,0,0,0,0,0,0,0,0.0,0.0,0.0,0.0
1762708327.1269662,3,2,0,0,0,0,0,0,0,0,0.0,0.0,0.0,0.0
1762708327.1269662,1,4294967294,0,0,0,0,0,0,0,0,0.0,0.0,0.0,0.0
1762708327.1269662,1,1,0,0,0,0,0,0,0,0,0.0,0.0,0.0,0.0
1762708327.1269662,1,2,0,0,0,0,0,0,0,0,0.0,0.0,0.0,0.0
1762708327.1269662,1,3,0,0,0,0,0,0,0,0,0.0,0.0,0.0,0.0
1762708327.1269662,2,4294967294,0,0,0,0,0,0,0,0,0.0,0.0,0.0,0.0
1762708327.1269662,2,1,0,0,0,0,0,0,0,0,0.0,0.0,0.0,0.0
1762708327.1269662,2,2,0,0,0,0,0,0,0,0,0.0,0.0,0.0,0.0
1762708327.1269662,2,3,0,0,0,0,0,0,0,0,0.0,0.0,0.0,0.0
1762708328.126984,3,4294967294,0,0,0,0,0,0,0,0,0.0,0.0,0.0,0.0
1762708328.126984,3,1,0,0,0,0,0,0,0,0,0.0,0.0,0.0,0.0
1762708328.126984,3,2,0,0,0,0,0,0,0,0,0.0,0.0,0.0,0.0
1762708328.126984,1,4294967294,0,0,0,0,0,0,0,0,0.0,0.0,0.0,0.0
1762708328.126984,1,1,0,0,0,0,0,0,0,0,0.0,0.0,0.0,0.0
1762708328.126984,1,2,0,0,0,0,0,0,0,0,0.0,0.0,0.0,0.0
1762708328.126984,1,3,0,0,0,0,0,0,0,0,0.0,0.0,0.0,0.0
1762708328.126984,2,4294967294,0,0,0,0,0,0,0,0,0.0,0.0,0.0,0.0
1762708328.126984,2,1,0,0,0,0,0,0,0,0,0.0,0.0,0.0,0.0
1762708328.126984,2,2,0,0,0,0,0,0,0,0,0.0,0.0,0.0,0.0
1762708328.126984,2,3,0,0,0,0,0,0,0,0,0.0,0.0,0.0,0.0
1762708329.1265051,3,4294967294,0,0,0,0,0,0,0,0,0.0,0.0,0.0,0.0
1762708329.1265051,3,1,0,0,0,0,0,0,0,0,0.0,0.0,0.0,0.0
1762708329.1265051,3,2,0,0,0,0,0,0,0,0,0.0,0.0,0.0,0.0
1762708329.1265051,1,4294967294,0,0,0,0,0,0,0,0,0.0,0.0,0.0,0.0
1762708329.1265051,1,1,0,0,0,0,0,0,0,0,0.0,0.0,0.0,0.0
1762708329.1265051,1,2,0,0,0,0,0,0,0,0,0.0,0.0,0.0,0.0
1762708329.1265051,1,3,0,0,0,0,0,0,0,0,0.0,0.0,0.0,0.0
1762708329.1265051,2,4294967294,0,0,0,0,0,0,0,0,0.0,0.0,0.0,0.0
1762708329.1265051,2,1,0,0,0,0,0,0,0,0,0.0,0.0,0.0,0.0
1762708329.1265051,2,2,0,0,0,0,0,0,0,0,0.0,0.0,0.0,0.0
1762708329.1265051,2,3,0,0,0,0,0,0,0,0,0.0,0.0,0.0,0.0
1762708330.1270025,3,4294967294,0,0,0,0,0,0,0,0,0.0,0.0,0.0,0.0
1762708330.1270025,3,1,0,0,0,0,0,0,0,0,0.0,0.0,0.0,0.0
1762708330.1270025,3,2,0,0,0,0,0,0,0,0,0.0,0.0,0.0,0.0
1762708330.1270025,1,4294967294,0,0,0,0,0,0,0,0,0.0,0.0,0.0,0.0
1762708330.1270025,1,1,0,0,0,0,0,0,0,0,0.0,0.0,0.0,0.0
1762708330.1270025,1,2,0,0,0,0,0,0,0,0,0.0,0.0,0.0,0.0
1762708330.1270025,1,3,0,0,0,0,0,0,0,0,0.0,0.0,0.0,0.0
1762708330.1270025,2,4294967294,0,0,0,0,0,0,0,0,0.0,0.0,0.0,0.0
1762708330.1270025,2,1,0,0,0,0,0,0,0,0,0.0,0.0,0.0,0.0
1762708330.1270025,2,2,0,0,0,0,0,0,0,0,0.0,0.0,0.0,0.0
1762708330.1270025,2,3,0,0,0,0,0,0,0,0,0.0,0.0,0.0,0.0
1762708331.127005,3,4294967294,0,0,0,0,0,0,0,0,0.0,0.0,0.0,0.0
1762708331.127005,3,1,0,0,0,0,0,0,0,0,0.0,0.0,0.0,0.0
1762708331.127005,3,2,0,0,0,0,0,0,0,0,0.0,0.0,0.0,0.0
1762708331.127005,1,4294967294,0,0,0,0,0,0,0,0,0.0,0.0,0.0,0.0
1762708331.127005,1,1,0,0,0,0,0,0,0,0,0.0,0.0,0.0,0.0
1762708331.127005,1,2,0,0,0,0,0,0,0,0,0.0,0.0,0.0,0.0
1762708331.127005,1,3,0,0,0,0,0,0,0,0,0.0,0.0,0.0,0.0
1762708331.127005,2,4294967294,0,0,0,0,0,0,0,0,0.0,0.0,0.0,0.0
1762708331.127005,2,1,0,0,0,0,0,0,0,0,0.0,0.0,0.0,0.0
1762708331.127005,2,2,0,0,0,0,0,0,0,0,0.0,0.0,0.0,0.0
1762708331.127005,2,3,0,0,0,0,0,0,0,0,0.0,0.0,0.0,0.0
1762708332.1268723,3,4294967294,0,0,0,0,0,0,0,0,0.0,0.0,0.0,0.0
1762708332.1268723,3,1,0,0,0,0,0,0,0,0,0.0,0.0,0.0,0.0
1762708332.1268723,3,2,0,0,0,0,0,0,0,0,0.0,0.0,0.0,0.0
1762708332.1268723,1,4294967294,0,0,0,0,0,0,0,0,0.0,0.0,0.0,0.0
1762708332.1268723,1,1,0,0,0,0,0,0,0,0,0.0,0.0,0.0,0.0
1762708332.1268723,1,2,0,0,0,0,0,0,0,0,0.0,0.0,0.0,0.0
1762708332.1268723,1,3,0,0,0,0,0,0,0,0,0.0,0.0,0.0,0.0
1762708332.1268723,2,4294967294,0,0,0,0,0,0,0,0,0.0,0.0,0.0,0.0
1762708332.1268723,2,1,0,0,0,0,0,0,0,0,0.0,0.0,0.0,0.0
1762708332.1268723,2,2,0,0,0,0,0,0,0,0,0.0,0.0,0.0,0.0
1762708332.1268723,2,3,0,0,0,0,0,0,0,0,0.0,0.0,0.0,0.0
1762708333.1269684,3,4294967294,0,0,0,0,0,0,0,0,0.0,0.0,0.0,0.0
1762708333.1269684,3,1,0,0,0,0,0,0,0,0,0.0,0.0,0.0,0.0
1762708333.1269684,3,2,0,0,0,0,0,0,0,0,0.0,0.0,0.0,0.0
1762708333.1269684,1,4294967294,0,0,0,0,0,0,0,0,0.0,0.0,0.0,0.0
1762708333.1269684,1,1,0,0,0,0,0,0,0,0,0.0,0.0,0.0,0.0
1762708333.1269684,1,2,0,0,0,0,0,0,0,0,0.0,0.0,0.0,0.0
1762708333.1269684,1,3,0,0,0,0,0,0,0,0,0.0,0.0,0.0,0.0
1762708333.1269684,2,4294967294,0,0,0,0,0,0,0,0,0.0,0.0,0.0,0.0
1762708333.1269684,2,1,0,0,0,0,0,0,0,0,0.0,0.0,0.0,0.0
1762708333.1269684,2,2,0,0,0,0,0,0,0,0,0.0,0.0,0.0,0.0
1762708333.1269684,2,3,0,0,0,0,0,0,0,0,0.0,0.0,0.0,0.0
1762708334.126928,3,4294967294,0,0,0,0,0,0,0,0,0.0,0.0,0.0,0.0
1762708334.126928,3,1,0,0,0,0,0,0,0,0,0.0,0.0,0.0,0.0
1762708334.126928,3,2,0,0,0,0,0,0,0,0,0.0,0.0,0.0,0.0
1762708334.126928,1,4294967294,0,0,0,0,0,0,0,0,0.0,0.0,0.0,0.0
1762708334.126928,1,1,0,0,0,0,0,0,0,0,0.0,0.0,0.0,0.0
1762708334.126928,1,2,0,0,0,0,0,0,0,0,0.0,0.0,0.0,0.0
1762708334.126928,1,3,0,0,0,0,0,0,0,0,0.0,0.0,0.0,0.0
1762708334.126928,2,4294967294,0,0,0,0,0,0,0,0,0.0,0.0,0.0,0.0
1762708334.126928,2,1,0,0,0,0,0,0,0,0,0.0,0.0,0.0,0.0
1762708334.126928,2,2,0,0,0,0,0,0,0,0,0.0,0.0,0.0,0.0
1762708334.126928,2,3,0,0,0,0,0,0,0,0,0.0,0.0,0.0,0.0
1762708335.1269853,3,4294967294,0,0,0,0,0,0,0,0,0.0,0.0,0.0,0.0
1762708335.1269853,3,1,0,0,0,0,0,0,0,0,0.0,0.0,0.0,0.0
1762708335.1269853,3,2,0,0,0,0,0,0,0,0,0.0,0.0,0.0,0.0
1762708335.1269853,1,4294967294,0,0,0,0,0,0,0,0,0.0,0.0,0.0,0.0
1762708335.1269853,1,1,0,0,0,0,0,0,0,0,0.0,0.0,0.0,0.0
1762708335.1269853,1,2,0,0,0,0,0,0,0,0,0.0,0.0,0.0,0.0
1762708335.1269853,1,3,0,0,0,0,0,0,0,0,0.0,0.0,0.0,0.0
1762708335.1269853,2,4294967294,0,0,0,0,0,0,0,0,0.0,0.0,0.0,0.0
1762708335.1269853,2,1,0,0,0,0,0,0,0,0,0.0,0.0,0.0,0.0
1762708335.1269853,2,2,0,0,0,0,0,0,0,0,0.0,0.0,0.0,0.0
1762708335.1269853,2,3,0,0,0,0,0,0,0,0,0.0,0.0,0.0,0.0
1762708336.1269143,3,4294967294,0,0,0,0,0,0,0,0,0.0,0.0,0.0,0.0
1762708336.1269143,3,1,0,0,0,0,0,0,0,0,0.0,0.0,0.0,0.0
1762708336.1269143,3,2,0,0,0,0,0,0,0,0,0.0,0.0,0.0,0.0
1762708336.1269143,1,4294967294,0,0,0,0,0,0,0,0,0.0,0.0,0.0,0.0
1762708336.1269143,1,1,0,0,0,0,0,0,0,0,0.0,0.0,0.0,0.0
1762708336.1269143,1,2,0,0,0,0,0,0,0,0,0.0,0.0,0.0,0.0
1762708336.1269143,1,3,0,0,0,0,0,0,0,0,0.0,0.0,0.0,0.0
1762708336.1269143,2,4294967294,0,0,0,0,0,0,0,0,0.0,0.0,0.0,0.0
1762708336.1269143,2,1,0,0,0,0,0,0,0,0,0.0,0.0,0.0,0.0
1762708336.1269143,2,2,0,0,0,0,0,0,0,0,0.0,0.0,0.0,0.0
1762708336.1269143,2,3,0,0,0,0,0,0,0,0,0.0,0.0,0.0,0.0
1762708337.126891,3,4294967294,0,0,0,0,0,0,0,0,0.0,0.0,0.0,0.0
1762708337.126891,3,1,0,0,0,0,0,0,0,0,0.0,0.0,0.0,0.0
1762708337.126891,3,2,0,0,0,0,0,0,0,0,0.0,0.0,0.0,0.0
1762708337.126891,1,4294967294,0,0,0,0,0,0,0,0,0.0,0.0,0.0,0.0
1762708337.126891,1,1,0,0,0,0,0,0,0,0,0.0,0.0,0.0,0.0
1762708337.126891,1,2,0,0,0,0,0,0,0,0,0.0,0.0,0.0,0.0
1762708337.126891,1,3,0,0,0,0,0,0,0,0,0.0,0.0,0.0,0.0
1762708337.126891,2,4294967294,0,0,0,0,0,0,0,0,0.0,0.0,0.0,0.0
1762708337.126891,2,1,0,0,0,0,0,0,0,0,0.0,0.0,0.0,0.0
1762708337.126891,2,2,0,0,0,0,0,0,0,0,0.0,0.0,0.0,0.0
1762708337.126891,2,3,0,0,0,0,0,0,0,0,0.0,0.0,0.0,0.0
1762708338.126969,3,4294967294,0,0,0,0,0,0,0,0,0.0,0.0,0.0,0.0
1762708338.126969,3,1,0,0,0,0,0,0,0,0,0.0,0.0,0.0,0.0
1762708338.126969,3,2,0,0,0,0,0,0,0,0,0.0,0.0,0.0,0.0
1762708338.126969,1,4294967294,0,0,0,0,0,0,0,0,0.0,0.0,0.0,0.0
1762708338.126969,1,1,0,0,0,0,0,0,0,0,0.0,0.0,0.0,0.0
1762708338.126969,1,2,0,0,0,0,0,0,0,0,0.0,0.0,0.0,0.0
1762708338.126969,1,3,0,0,0,0,0,0,0,0,0.0,0.0,0.0,0.0
1762708338.126969,2,4294967294,0,0,0,0,0,0,0,0,0.0,0.0,0.0,0.0
1762708338.126969,2,1,0,0,0,0,0,0,0,0,0.0,0.0,0.0,0.0
1762708338.126969,2,2,0,0,0,0,0,0,0,0,0.0,0.0,0.0,0.0
1762708338.126969,2,3,0,0,0,0,0,0,0,0,0.0,0.0,0.0,0.0
1762708339.126858,3,4294967294,0,0,0,0,0,0,0,0,0.0,0.0,0.0,0.0
1762708339.126858,3,1,0,0,0,0,0,0,0,0,0.0,0.0,0.0,0.0
1762708339.126858,3,2,0,0,0,0,0,0,0,0,0.0,0.0,0.0,0.0
1762708339.126858,1,4294967294,0,0,0,0,0,0,0,0,0.0,0.0,0.0,0.0
1762708339.126858,1,1,0,0,0,0,0,0,0,0,0.0,0.0,0.0,0.0
1762708339.126858,1,2,0,0,0,0,0,0,0,0,0.0,0.0,0.0,0.0
1762708339.126858,1,3,0,0,0,0,0,0,0,0,0.0,0.0,0.0,0.0
1762708339.126858,2,4294967294,0,0,0,0,0,0,0,0,0.0,0.0,0.0,0.0
1762708339.126858,2,1,0,0,0,0,0,0,0,0,0.0,0.0,0.0,0.0
1762708339.126858,2,2,0,0,0,0,0,0,0,0,0.0,0.0,0.0,0.0
1762708339.126858,2,3,0,0,0,0,0,0,0,0,0.0,0.0,0.0,0.0
1762708340.1268575,3,4294967294,0,0,0,0,0,0,0,0,0.0,0.0,0.0,0.0
1762708340.1268575,3,1,0,0,0,0,0,0,0,0,0.0,0.0,0.0,0.0
1762708340.1268575,3,2,0,0,0,0,0,0,0,0,0.0,0.0,0.0,0.0
1762708340.1268575,1,4294967294,0,0,0,0,0,0,0,0,0.0,0.0,0.0,0.0
1762708340.1268575,1,1,0,0,0,0,0,0,0,0,0.0,0.0,0.0,0.0
1762708340.1268575,1,2,0,0,0,0,0,0,0,0,0.0,0.0,0.0,0.0
1762708340.1268575,1,3,0,0,0,0,0,0,0,0,0.0,0.0,0.0,0.0
1762708340.1268575,2,4294967294,0,0,0,0,0,0,0,0,0.0,0.0,0.0,0.0
1762708340.1268575,2,1,0,0,0,0,0,0,0,0,0.0,0.0,0.0,0.0
1762708340.1268575,2,2,0,0,0,0,0,0,0,0,0.0,0.0,0.0,0.0
1762708340.1268575,2,3,0,0,0,0,0,0,0,0,0.0,0.0,0.0,0.0
1762708341.1270406,3,4294967294,0,0,0,0,0,0,0,0,0.0,0.0,0.0,0.0
1762708341.1270406,3,1,0,0,0,0,0,0,0,0,0.0,0.0,0.0,0.0
1762708341.1270406,3,2,0,0,0,0,0,0,0,0,0.0,0.0,0.0,0.0
1762708341.1270406,1,4294967294,0,0,0,0,0,0,0,0,0.0,0.0,0.0,0.0
1762708341.1270406,1,1,0,0,0,0,0,0,0,0,0.0,0.0,0.0,0.0
1762708341.1270406,1,2,0,0,0,0,0,0,0,0,0.0,0.0,0.0,0.0
1762708341.1270406,1,3,0,0,0,0,0,0,0,0,0.0,0.0,0.0,0.0
1762708341.1270406,2,4294967294,0,0,0,0,0,0,0,0,0.0,0.0,0.0,0.0
1762708341.1270406,2,1,0,0,0,0,0,0,0,0,0.0,0.0,0.0,0.0
1762708341.1270406,2,2,0,0,0,0,0,0,0,0,0.0,0.0,0.0,0.0
1762708341.1270406,2,3,0,0,0,0,0,0,0,0,0.0,0.0,0.0,0.0
1762708342.126925,3,4294967294,0,0,0,0,0,0,0,0,0.0,0.0,0.0,0.0
1762708342.126925,3,1,0,0,0,0,0,0,0,0,0.0,0.0,0.0,0.0
1762708342.126925,3,2,0,0,0,0,0,0,0,0,0.0,0.0,0.0,0.0
1762708342.126925,1,4294967294,0,0,0,0,0,0,0,0,0.0,0.0,0.0,0.0
1762708342.126925,1,1,0,0,0,0,0,0,0,0,0.0,0.0,0.0,0.0
1762708342.126925,1,2,0,0,0,0,0,0,0,0,0.0,0.0,0.0,0.0
1762708342.126925,1,3,0,0,0,0,0,0,0,0,0.0,0.0,0.0,0.0
1762708342.126925,2,4294967294,0,0,0,0,0,0,0,0,0.0,0.0,0.0,0.0
1762708342.126925,2,1,0,0,0,0,0,0,0,0,0.0,0.0,0.0,0.0
1762708342.126925,2,2,0,0,0,0,0,0,0,0,0.0,0.0,0.0,0.0
1762708342.126925,2,3,0,0,0,0,0,0,0,0,0.0,0.0,0.0,0.0
1762708343.1269646,3,4294967294,0,0,0,0,0,0,0,0,0.0,0.0,0.0,0.0
1762708343.1269646,3,1,0,0,0,0,0,0,0,0,0.0,0.0,0.0,0.0
1762708343.1269646,3,2,0,0,0,0,0,0,0,0,0.0,0.0,0.0,0.0
1762708343.1269646,1,4294967294,0,0,0,0,0,0,0,0,0.0,0.0,0.0,0.0
1762708343.1269646,1,1,0,0,0,0,0,0,0,0,0.0,0.0,0.0,0.0
1762708343.1269646,1,2,0,0,0,0,0,0,0,0,0.0,0.0,0.0,0.0
1762708343.1269646,1,3,0,0,0,0,0,0,0,0,0.0,0.0,0.0,0.0
1762708343.1269646,2,4294967294,0,0,0,0,0,0,0,0,0.0,0.0,0.0,0.0
1762708343.1269646,2,1,0,0,0,0,0,0,0,0,0.0,0.0,0.0,0.0
1762708343.1269646,2,2,0,0,0,0,0,0,0,0,0.0,0.0,0.0,0.0
1762708343.1269646,2,3,0,0,0,0,0,0,0,0,0.0,0.0,0.0,0.0
1762708344.1269588,3,4294967294,0,0,0,0,0,0,0,0,0.0,0.0,0.0,0.0
1762708344.1269588,3,1,0,0,0,0,0,0,0,0,0.0,0.0,0.0,0.0
1762708344.1269588,3,2,0,0,0,0,0,0,0,0,0.0,0.0,0.0,0.0
1762708344.1269588,1,4294967294,0,0,0,0,0,0,0,0,0.0,0.0,0.0,0.0
1762708344.1269588,1,1,0,0,0,0,0,0,0,0,0.0,0.0,0.0,0.0
1762708344.1269588,1,2,0,0,0,0,0,0,0,0,0.0,0.0,0.0,0.0
1762708344.1269588,1,3,0,0,0,0,0,0,0,0,0.0,0.0,0.0,0.0
1762708344.1269588,2,4294967294,0,0,0,0,0,0,0,0,0.0,0.0,0.0,0.0
1762708344.1269588,2,1,0,0,0,0,0,0,0,0,0.0,0.0,0.0,0.0
1762708344.1269588,2,2,0,0,0,0,0,0,0,0,0.0,0.0,0.0,0.0
1762708344.1269588,2,3,0,0,0,0,0,0,0,0,0.0,0.0,0.0,0.0
1762708345.1269166,3,4294967294,0,0,0,0,0,0,0,0,0.0,0.0,0.0,0.0
1762708345.1269166,3,1,0,0,0,0,0,0,0,0,0.0,0.0,0.0,0.0
1762708345.1269166,3,2,0,0,0,0,0,0,0,0,0.0,0.0,0.0,0.0
1762708345.1269166,1,4294967294,0,0,0,0,0,0,0,0,0.0,0.0,0.0,0.0
1762708345.1269166,1,1,0,0,0,0,0,0,0,0,0.0,0.0,0.0,0.0
1762708345.1269166,1,2,0,0,0,0,0,0,0,0,0.0,0.0,0.0,0.0
1762708345.1269166,1,3,0,0,0,0,0,0,0,0,0.0,0.0,0.0,0.0
1762708345.1269166,2,4294967294,0,0,0,0,0,0,0,0,0.0,0.0,0.0,0.0
1762708345.1269166,2,1,0,0,0,0,0,0,0,0,0.0,0.0,0.0,0.0
1762708345.1269166,2,2,0,0,0,0,0,0,0,0,0.0,0.0,0.0,0.0
1762708345.1269166,2,3,0,0,0,0,0,0,0,0,0.0,0.0,0.0,0.0
1762708346.1269639,3,4294967294,0,0,0,0,0,0,0,0,0.0,0.0,0.0,0.0
1762708346.1269639,3,1,0,0,0,0,0,0,0,0,0.0,0.0,0.0,0.0
1762708346.1269639,3,2,0,0,0,0,0,0,0,0,0.0,0.0,0.0,0.0
1762708346.1269639,1,4294967294,0,0,0,0,0,0,0,0,0.0,0.0,0.0,0.0
1762708346.1269639,1,1,0,0,0,0,0,0,0,0,0.0,0.0,0.0,0.0
1762708346.1269639,1,2,0,0,0,0,0,0,0,0,0.0,0.0,0.0,0.0
1762708346.1269639,1,3,0,0,0,0,0,0,0,0,0.0,0.0,0.0,0.0
1762708346.1269639,2,4294967294,0,0,0,0,0,0,0,0,0.0,0.0,0.0,0.0
1762708346.1269639,2,1,0,0,0,0,0,0,0,0,0.0,0.0,0.0,0.0
1762708346.1269639,2,2,0,0,0,0,0,0,0,0,0.0,0.0,0.0,0.0
1762708346.1269639,2,3,0,0,0,0,0,0,0,0,0.0,0.0,0.0,0.0
1762708347.126881,3,4294967294,0,0,0,0,0,0,0,0,0.0,0.0,0.0,0.0
1762708347.126881,3,1,0,0,0,0,0,0,0,0,0.0,0.0,0.0,0.0
1762708347.126881,3,2,0,0,0,0,0,0,0,0,0.0,0.0,0.0,0.0
1762708347.126881,1,4294967294,0,0,0,0,0,0,0,0,0.0,0.0,0.0,0.0
1762708347.126881,1,1,0,0,0,0,0,0,0,0,0.0,0.0,0.0,0.0
1762708347.126881,1,2,0,0,0,0,0,0,0,0,0.0,0.0,0.0,0.0
1762708347.126881,1,3,0,0,0,0,0,0,0,0,0.0,0.0,0.0,0.0
1762708347.126881,2,4294967294,0,0,0,0,0,0,0,0,0.0,0.0,0.0,0.0
1762708347.126881,2,1,0,0,0,0,0,0,0,0,0.0,0.0,0.0,0.0
1762708347.126881,2,2,0,0,0,0,0,0,0,0,0.0,0.0,0.0,0.0
1762708347.126881,2,3,0,0,0,0,0,0,0,0,0.0,0.0,0.0,0.0
1762708348.1269212,3,4294967294,0,0,0,0,0,0,0,0,0.0,0.0,0.0,0.0
1762708348.1269212,3,1,0,0,0,0,0,0,0,0,0.0,0.0,0.0,0.0
1762708348.1269212,3,2,0,0,0,0,0,0,0,0,0.0,0.0,0.0,0.0
1762708348.1269212,1,4294967294,0,0,0,0,0,0,0,0,0.0,0.0,0.0,0.0
1762708348.1269212,1,1,0,0,0,0,0,0,0,0,0.0,0.0,0.0,0.0
1762708348.1269212,1,2,0,0,0,0,0,0,0,0,0.0,0.0,0.0,0.0
1762708348.1269212,1,3,0,0,0,0,0,0,0,0,0.0,0.0,0.0,0.0
1762708348.1269212,2,4294967294,0,0,0,0,0,0,0,0,0.0,0.0,0.0,0.0
1762708348.1269212,2,1,0,0,0,0,0,0,0,0,0.0,0.0,0.0,0.0
1762708348.1269212,2,2,0,0,0,0,0,0,0,0,0.0,0.0,0.0,0.0
1762708348.1269212,2,3,0,0,0,0,0,0,0,0,0.0,0.0,0.0,0.0
1762708349.1269436,3,4294967294,0,0,0,0,0,0,0,0,0.0,0.0,0.0,0.0
1762708349.1269436,3,1,0,0,0,0,0,0,0,0,0.0,0.0,0.0,0.0
1762708349.1269436,3,2,0,0,0,0,0,0,0,0,0.0,0.0,0.0,0.0
1762708349.1269436,1,4294967294,0,0,0,0,0,0,0,0,0.0,0.0,0.0,0.0
1762708349.1269436,1,1,0,0,0,0,0,0,0,0,0.0,0.0,0.0,0.0
1762708349.1269436,1,2,0,0,0,0,0,0,0,0,0.0,0.0,0.0,0.0
1762708349.1269436,1,3,0,0,0,0,0,0,0,0,0.0,0.0,0.0,0.0
1762708349.1269436,2,4294967294,0,0,0,0,0,0,0,0,0.0,0.0,0.0,0.0
1762708349.1269436,2,1,0,0,0,0,0,0,0,0,0.0,0.0,0.0,0.0
1762708349.1269436,2,2,0,0,0,0,0,0,0,0,0.0,0.0,0.0,0.0
1762708349.1269436,2,3,0,0,0,0,0,0,0,0,0.0,0.0,0.0,0.0
1762708350.1269577,3,4294967294,0,0,0,0,0,0,0,0,0.0,0.0,0.0,0.0
1762708350.1269577,3,1,0,0,0,0,0,0,0,0,0.0,0.0,0.0,0.0
1762708350.1269577,3,2,0,0,0,0,0,0,0,0,0.0,0.0,0.0,0.0
1762708350.1269577,1,4294967294,0,0,0,0,0,0,0,0,0.0,0.0,0.0,0.0
1762708350.1269577,1,1,0,0,0,0,0,0,0,0,0.0,0.0,0.0,0.0
1762708350.1269577,1,2,0,0,0,0,0,0,0,0,0.0,0.0,0.0,0.0
1762708350.1269577,1,3,0,0,0,0,0,0,0,0,0.0,0.0,0.0,0.0
1762708350.1269577,2,4294967294,0,0,0,0,0,0,0,0,0.0,0.0,0.0,0.0
1762708350.1269577,2,1,0,0,0,0,0,0,0,0,0.0,0.0,0.0,0.0
1762708350.1269577,2,2,0,0,0,0,0,0,0,0,0.0,0.0,0.0,0.0
1762708350.1269577,2,3,0,0,0,0,0,0,0,0,0.0,0.0,0.0,0.0
1762708351.12701,3,4294967294,0,0,0,0,0,0,0,0,0.0,0.0,0.0,0.0
1762708351.12701,3,1,0,0,0,0,0,0,0,0,0.0,0.0,0.0,0.0
1762708351.12701,3,2,0,0,0,0,0,0,0,0,0.0,0.0,0.0,0.0
1762708351.12701,1,4294967294,0,0,0,0,0,0,0,0,0.0,0.0,0.0,0.0
1762708351.12701,1,1,0,0,0,0,0,0,0,0,0.0,0.0,0.0,0.0
1762708351.12701,1,2,0,0,0,0,0,0,0,0,0.0,0.0,0.0,0.0
1762708351.12701,1,3,0,0,0,0,0,0,0,0,0.0,0.0,0.0,0.0
1762708351.12701,2,4294967294,0,0,0,0,0,0,0,0,0.0,0.0,0.0,0.0
1762708351.12701,2,1,0,0,0,0,0,0,0,0,0.0,0.0,0.0,0.0
1762708351.12701,2,2,0,0,0,0,0,0,0,0,0.0,0.0,0.0,0.0
1762708351.12701,2,3,0,0,0,0,0,0,0,0,0.0,0.0,0.0,0.0
1762708352.126941,3,4294967294,0,0,0,0,0,0,0,0,0.0,0.0,0.0,0.0
1762708352.126941,3,1,0,0,0,0,0,0,0,0,0.0,0.0,0.0,0.0
1762708352.126941,3,2,0,0,0,0,0,0,0,0,0.0,0.0,0.0,0.0
1762708352.126941,1,4294967294,0,0,0,0,0,0,0,0,0.0,0.0,0.0,0.0
1762708352.126941,1,1,0,0,0,0,0,0,0,0,0.0,0.0,0.0,0.0
1762708352.126941,1,2,0,0,0,0,0,0,0,0,0.0,0.0,0.0,0.0
1762708352.126941,1,3,0,0,0,0,0,0,0,0,0.0,0.0,0.0,0.0
1762708352.126941,2,4294967294,0,0,0,0,0,0,0,0,0.0,0.0,0.0,0.0
1762708352.126941,2,1,0,0,0,0,0,0,0,0,0.0,0.0,0.0,0.0
1762708352.126941,2,2,0,0,0,0,0,0,0,0,0.0,0.0,0.0,0.0
1762708352.126941,2,3,0,0,0,0,0,0,0,0,0.0,0.0,0.0,0.0
1762708353.1269667,3,4294967294,0,0,0,0,0,0,0,0,0.0,0.0,0.0,0.0
1762708353.1269667,3,1,0,0,0,0,0,0,0,0,0.0,0.0,0.0,0.0
1762708353.1269667,3,2,0,0,0,0,0,0,0,0,0.0,0.0,0.0,0.0
1762708353.1269667,1,4294967294,0,0,0,0,0,0,0,0,0.0,0.0,0.0,0.0
1762708353.1269667,1,1,0,0,0,0,0,0,0,0,0.0,0.0,0.0,0.0
1762708353.1269667,1,2,0,0,0,0,0,0,0,0,0.0,0.0,0.0,0.0
1762708353.1269667,1,3,0,0,0,0,0,0,0,0,0.0,0.0,0.0,0.0
1762708353.1269667,2,4294967294,0,0,0,0,0,0,0,0,0.0,0.0,0.0,0.0
1762708353.1269667,2,1,0,0,0,0,0,0,0,0,0.0,0.0,0.0,0.0
1762708353.1269667,2,2,0,0,0,0,0,0,0,0,0.0,0.0,0.0,0.0
1762708353.1269667,2,3,0,0,0,0,0,0,0,0,0.0,0.0,0.0,0.0
1762708354.126967,3,4294967294,0,0,0,0,0,0,0,0,0.0,0.0,0.0,0.0
1762708354.126967,3,1,0,0,0,0,0,0,0,0,0.0,0.0,0.0,0.0
1762708354.126967,3,2,0,0,0,0,0,0,0,0,0.0,0.0,0.0,0.0
1762708354.126967,1,4294967294,0,0,0,0,0,0,0,0,0.0,0.0,0.0,0.0
1762708354.126967,1,1,0,0,0,0,0,0,0,0,0.0,0.0,0.0,0.0
1762708354.126967,1,2,0,0,0,0,0,0,0,0,0.0,0.0,0.0,0.0
1762708354.126967,1,3,0,0,0,0,0,0,0,0,0.0,0.0,0.0,0.0
1762708354.126967,2,4294967294,0,0,0,0,0,0,0,0,0.0,0.0,0.0,0.0
1762708354.126967,2,1,0,0,0,0,0,0,0,0,0.0,0.0,0.0,0.0
1762708354.126967,2,2,0,0,0,0,0,0,0,0,0.0,0.0,0.0,0.0
1762708354.126967,2,3,0,0,0,0,0,0,0,0,0.0,0.0,0.0,0.0
1762708355.126954,3,4294967294,0,0,0,0,0,0,0,0,0.0,0.0,0.0,0.0
1762708355.126954,3,1,0,0,0,0,0,0,0,0,0.0,0.0,0.0,0.0
1762708355.126954,3,2,0,0,0,0,0,0,0,0,0.0,0.0,0.0,0.0
1762708355.126954,1,4294967294,0,0,0,0,0,0,0,0,0.0,0.0,0.0,0.0
1762708355.126954,1,1,0,0,0,0,0,0,0,0,0.0,0.0,0.0,0.0
1762708355.126954,1,2,0,0,0,0,0,0,0,0,0.0,0.0,0.0,0.0
1762708355.126954,1,3,0,0,0,0,0,0,0,0,0.0,0.0,0.0,0.0
1762708355.126954,2,4294967294,0,0,0,0,0,0,0,0,0.0,0.0,0.0,0.0
1762708355.126954,2,1,0,0,0,0,0,0,0,0,0.0,0.0,0.0,0.0
1762708355.126954,2,2,0,0,0,0,0,0,0,0,0.0,0.0,0.0,0.0
1762708355.126954,2,3,0,0,0,0,0,0,0,0,0.0,0.0,0.0,0.0
1762708356.1269603,3,4294967294,0,0,0,0,0,0,0,0,0.0,0.0,0.0,0.0
1762708356.1269603,3,1,0,0,0,0,0,0,0,0,0.0,0.0,0.0,0.0
1762708356.1269603,3,2,0,0,0,0,0,0,0,0,0.0,0.0,0.0,0.0
1762708356.1269603,1,4294967294,0,0,0,0,0,0,0,0,0.0,0.0,0.0,0.0
1762708356.1269603,1,1,0,0,0,0,0,0,0,0,0.0,0.0,0.0,0.0
1762708356.1269603,1,2,0,0,0,0,0,0,0,0,0.0,0.0,0.0,0.0
1762708356.1269603,1,3,0,0,0,0,0,0,0,0,0.0,0.0,0.0,0.0
1762708356.1269603,2,4294967294,0,0,0,0,0,0,0,0,0.0,0.0,0.0,0.0
1762708356.1269603,2,1,0,0,0,0,0,0,0,0,0.0,0.0,0.0,0.0
1762708356.1269603,2,2,0,0,0,0,0,0,0,0,0.0,0.0,0.0,0.0
1762708356.1269603,2,3,0,0,0,0,0,0,0,0,0.0,0.0,0.0,0.0
1762708357.1269877,3,4294967294,0,0,0,0,0,0,0,0,0.0,0.0,0.0,0.0
1762708357.1269877,3,1,0,0,0,0,0,0,0,0,0.0,0.0,0.0,0.0
1762708357.1269877,3,2,0,0,0,0,0,0,0,0,0.0,0.0,0.0,0.0
1762708357.1269877,1,4294967294,0,0,0,0,0,0,0,0,0.0,0.0,0.0,0.0
1762708357.1269877,1,1,0,0,0,0,0,0,0,0,0.0,0.0,0.0,0.0
1762708357.1269877,1,2,0,0,0,0,0,0,0,0,0.0,0.0,0.0,0.0
1762708357.1269877,1,3,0,0,0,0,0,0,0,0,0.0,0.0,0.0,0.0
1762708357.1269877,2,4294967294,0,0,0,0,0,0,0,0,0.0,0.0,0.0,0.0
1762708357.1269877,2,1,0,0,0,0,0,0,0,0,0.0,0.0,0.0,0.0
1762708357.1269877,2,2,0,0,0,0,0,0,0,0,0.0,0.0,0.0,0.0
1762708357.1269877,2,3,0,0,0,0,0,0,0,0,0.0,0.0,0.0,0.0
1762708358.126927,3,4294967294,0,0,0,0,0,0,0,0,0.0,0.0,0.0,0.0
1762708358.126927,3,1,0,0,0,0,0,0,0,0,0.0,0.0,0.0,0.0
1762708358.126927,3,2,0,0,0,0,0,0,0,0,0.0,0.0,0.0,0.0
1762708358.126927,1,4294967294,0,0,0,0,0,0,0,0,0.0,0.0,0.0,0.0
1762708358.126927,1,1,0,0,0,0,0,0,0,0,0.0,0.0,0.0,0.0
1762708358.126927,1,2,0,0,0,0,0,0,0,0,0.0,0.0,0.0,0.0
1762708358.126927,1,3,0,0,0,0,0,0,0,0,0.0,0.0,0.0,0.0
1762708358.126927,2,4294967294,0,0,0,0,0,0,0,0,0.0,0.0,0.0,0.0
1762708358.126927,2,1,0,0,0,0,0,0,0,0,0.0,0.0,0.0,0.0
1762708358.126927,2,2,0,0,0,0,0,0,0,0,0.0,0.0,0.0,0.0
1762708358.126927,2,3,0,0,0,0,0,0,0,0,0.0,0.0,0.0,0.0
1762708359.1269624,3,4294967294,0,0,0,0,0,0,0,0,0.0,0.0,0.0,0.0
1762708359.1269624,3,1,0,0,0,0,0,0,0,0,0.0,0.0,0.0,0.0
1762708359.1269624,3,2,0,0,0,0,0,0,0,0,0.0,0.0,0.0,0.0
1762708359.1269624,1,4294967294,0,0,0,0,0,0,0,0,0.0,0.0,0.0,0.0
1762708359.1269624,1,1,0,0,0,0,0,0,0,0,0.0,0.0,0.0,0.0
1762708359.1269624,1,2,0,0,0,0,0,0,0,0,0.0,0.0,0.0,0.0
1762708359.1269624,1,3,0,0,0,0,0,0,0,0,0.0,0.0,0.0,0.0
1762708359.1269624,2,4294967294,0,0,0,0,0,0,0,0,0.0,0.0,0.0,0.0
1762708359.1269624,2,1,0,0,0,0,0,0,0,0,0.0,0.0,0.0,0.0
1762708359.1269624,2,2,0,0,0,0,0,0,0,0,0.0,0.0,0.0,0.0
1762708359.1269624,2,3,0,0,0,0,0,0,0,0,0.0,0.0,0.0,0.0
1762708360.1269028,3,4294967294,0,0,0,0,0,0,0,0,0.0,0.0,0.0,0.0
1762708360.1269028,3,1,0,0,0,0,0,0,0,0,0.0,0.0,0.0,0.0
1762708360.1269028,3,2,0,0,0,0,0,0,0,0,0.0,0.0,0.0,0.0
1762708360.1269028,1,4294967294,0,0,0,0,0,0,0,0,0.0,0.0,0.0,0.0
1762708360.1269028,1,1,0,0,0,0,0,0,0,0,0.0,0.0,0.0,0.0
1762708360.1269028,1,2,0,0,0,0,0,0,0,0,0.0,0.0,0.0,0.0
1762708360.1269028,1,3,0,0,0,0,0,0,0,0,0.0,0.0,0.0,0.0
1762708360.1269028,2,4294967294,0,0,0,0,0,0,0,0,0.0,0.0,0.0,0.0
1762708360.1269028,2,1,0,0,0,0,0,0,0,0,0.0,0.0,0.0,0.0
1762708360.1269028,2,2,0,0,0,0,0,0,0,0,0.0,0.0,0.0,0.0
1762708360.1269028,2,3,0,0,0,0,0,0,0,0,0.0,0.0,0.0,0.0
1762708361.1269774,3,4294967294,0,0,0,0,0,0,0,0,0.0,0.0,0.0,0.0
1762708361.1269774,3,1,0,0,0,0,0,0,0,0,0.0,0.0,0.0,0.0
1762708361.1269774,3,2,0,0,0,0,0,0,0,0,0.0,0.0,0.0,0.0
1762708361.1269774,1,4294967294,0,0,0,0,0,0,0,0,0.0,0.0,0.0,0.0
1762708361.1269774,1,1,0,0,0,0,0,0,0,0,0.0,0.0,0.0,0.0
1762708361.1269774,1,2,0,0,0,0,0,0,0,0,0.0,0.0,0.0,0.0
1762708361.1269774,1,3,0,0,0,0,0,0,0,0,0.0,0.0,0.0,0.0
1762708361.1269774,2,4294967294,0,0,0,0,0,0,0,0,0.0,0.0,0.0,0.0
1762708361.1269774,2,1,0,0,0,0,0,0,0,0,0.0,0.0,0.0,0.0
1762708361.1269774,2,2,0,0,0,0,0,0,0,0,0.0,0.0,0.0,0.0
1762708361.1269774,2,3,0,0,0,0,0,0,0,0,0.0,0.0,0.0,0.0
1762708362.126886,3,4294967294,0,0,0,0,0,0,0,0,0.0,0.0,0.0,0.0
1762708362.126886,3,1,0,0,0,0,0,0,0,0,0.0,0.0,0.0,0.0
1762708362.126886,3,2,0,0,0,0,0,0,0,0,0.0,0.0,0.0,0.0
1762708362.126886,1,4294967294,0,0,0,0,0,0,0,0,0.0,0.0,0.0,0.0
1762708362.126886,1,1,0,0,0,0,0,0,0,0,0.0,0.0,0.0,0.0
1762708362.126886,1,2,0,0,0,0,0,0,0,0,0.0,0.0,0.0,0.0
1762708362.126886,1,3,0,0,0,0,0,0,0,0,0.0,0.0,0.0,0.0
1762708362.126886,2,4294967294,0,0,0,0,0,0,0,0,0.0,0.0,0.0,0.0
1762708362.126886,2,1,0,0,0,0,0,0,0,0,0.0,0.0,0.0,0.0
1762708362.126886,2,2,0,0,0,0,0,0,0,0,0.0,0.0,0.0,0.0
1762708362.126886,2,3,0,0,0,0,0,0,0,0,0.0,0.0,0.0,0.0
1762708363.12687,3,4294967294,0,0,0,0,0,0,0,0,0.0,0.0,0.0,0.0
1762708363.12687,3,1,0,0,0,0,0,0,0,0,0.0,0.0,0.0,0.0
1762708363.12687,3,2,0,0,0,0,0,0,0,0,0.0,0.0,0.0,0.0
1762708363.12687,1,4294967294,0,0,0,0,0,0,0,0,0.0,0.0,0.0,0.0
1762708363.12687,1,1,0,0,0,0,0,0,0,0,0.0,0.0,0.0,0.0
1762708363.12687,1,2,0,0,0,0,0,0,0,0,0.0,0.0,0.0,0.0
1762708363.12687,1,3,0,0,0,0,0,0,0,0,0.0,0.0,0.0,0.0
1762708363.12687,2,4294967294,0,0,0,0,0,0,0,0,0.0,0.0,0.0,0.0
1762708363.12687,2,1,0,0,0,0,0,0,0,0,0.0,0.0,0.0,0.0
1762708363.12687,2,2,0,0,0,0,0,0,0,0,0.0,0.0,0.0,0.0
1762708363.12687,2,3,0,0,0,0,0,0,0,0,0.0,0.0,0.0,0.0
1762708364.126954,3,4294967294,0,0,0,0,0,0,0,0,0.0,0.0,0.0,0.0
1762708364.126954,3,1,0,0,0,0,0,0,0,0,0.0,0.0,0.0,0.0
1762708364.126954,3,2,0,0,0,0,0,0,0,0,0.0,0.0,0.0,0.0
1762708364.126954,1,4294967294,0,0,0,0,0,0,0,0,0.0,0.0,0.0,0.0
1762708364.126954,1,1,0,0,0,0,0,0,0,0,0.0,0.0,0.0,0.0
1762708364.126954,1,2,0,0,0,0,0,0,0,0,0.0,0.0,0.0,0.0
1762708364.126954,1,3,0,0,0,0,0,0,0,0,0.0,0.0,0.0,0.0
1762708364.126954,2,4294967294,0,0,0,0,0,0,0,0,0.0,0.0,0.0,0.0
1762708364.126954,2,1,0,0,0,0,0,0,0,0,0.0,0.0,0.0,0.0
1762708364.126954,2,2,0,0,0,0,0,0,0,0,0.0,0.0,0.0,0.0
1762708364.126954,2,3,0,0,0,0,0,0,0,0,0.0,0.0,0.0,0.0
1762708365.1259868,3,4294967294,0,0,0,0,0,0,0,0,0.0,0.0,0.0,0.0
1762708365.1259868,3,1,0,0,0,0,0,0,0,0,0.0,0.0,0.0,0.0
1762708365.1259868,3,2,0,0,0,0,0,0,0,0,0.0,0.0,0.0,0.0
1762708365.1259868,1,4294967294,0,0,0,0,0,0,0,0,0.0,0.0,0.0,0.0
1762708365.1259868,1,1,0,0,0,0,0,0,0,0,0.0,0.0,0.0,0.0
1762708365.1259868,1,2,0,0,0,0,0,0,0,0,0.0,0.0,0.0,0.0
1762708365.1259868,1,3,0,0,0,0,0,0,0,0,0.0,0.0,0.0,0.0
1762708365.1259868,2,4294967294,0,0,0,0,0,0,0,0,0.0,0.0,0.0,0.0
1762708365.1259868,2,1,0,0,0,0,0,0,0,0,0.0,0.0,0.0,0.0
1762708365.1259868,2,2,0,0,0,0,0,0,0,0,0.0,0.0,0.0,0.0
1762708365.1259868,2,3,0,0,0,0,0,0,0,0,0.0,0.0,0.0,0.0
1762708366.1269655,3,4294967294,0,0,0,0,0,0,0,0,0.0,0.0,0.0,0.0
1762708366.1269655,3,1,0,0,0,0,0,0,0,0,0.0,0.0,0.0,0.0
1762708366.1269655,3,2,0,0,0,0,0,0,0,0,0.0,0.0,0.0,0.0
1762708366.1269655,1,4294967294,0,0,0,0,0,0,0,0,0.0,0.0,0.0,0.0
1762708366.1269655,1,1,0,0,0,0,0,0,0,0,0.0,0.0,0.0,0.0
1762708366.1269655,1,2,0,0,0,0,0,0,0,0,0.0,0.0,0.0,0.0
1762708366.1269655,1,3,0,0,0,0,0,0,0,0,0.0,0.0,0.0,0.0
1762708366.1269655,2,4294967294,0,0,0,0,0,0,0,0,0.0,0.0,0.0,0.0
1762708366.1269655,2,1,0,0,0,0,0,0,0,0,0.0,0.0,0.0,0.0
1762708366.1269655,2,2,0,0,0,0,0,0,0,0,0.0,0.0,0.0,0.0
1762708366.1269655,2,3,0,0,0,0,0,0,0,0,0.0,0.0,0.0,0.0
1762708367.125879,3,4294967294,0,0,0,0,0,0,0,0,0.0,0.0,0.0,0.0
1762708367.125879,3,1,0,0,0,0,0,0,0,0,0.0,0.0,0.0,0.0
1762708367.125879,3,2,0,0,0,0,0,0,0,0,0.0,0.0,0.0,0.0
1762708367.125879,1,4294967294,0,0,0,0,0,0,0,0,0.0,0.0,0.0,0.0
1762708367.125879,1,1,0,0,0,0,0,0,0,0,0.0,0.0,0.0,0.0
1762708367.125879,1,2,0,0,0,0,0,0,0,0,0.0,0.0,0.0,0.0
1762708367.125879,1,3,0,0,0,0,0,0,0,0,0.0,0.0,0.0,0.0
1762708367.125879,2,4294967294,0,0,0,0,0,0,0,0,0.0,0.0,0.0,0.0
1762708367.125879,2,1,0,0,0,0,0,0,0,0,0.0,0.0,0.0,0.0
1762708367.125879,2,2,0,0,0,0,0,0,0,0,0.0,0.0,0.0,0.0
1762708367.125879,2,3,0,0,0,0,0,0,0,0,0.0,0.0,0.0,0.0
1762708368.126945,3,4294967294,0,0,0,0,0,0,0,0,0.0,0.0,0.0,0.0
1762708368.126945,3,1,0,0,0,0,0,0,0,0,0.0,0.0,0.0,0.0
1762708368.126945,3,2,0,0,0,0,0,0,0,0,0.0,0.0,0.0,0.0
1762708368.126945,1,4294967294,0,0,0,0,0,0,0,0,0.0,0.0,0.0,0.0
1762708368.126945,1,1,0,0,0,0,0,0,0,0,0.0,0.0,0.0,0.0
1762708368.126945,1,2,0,0,0,0,0,0,0,0,0.0,0.0,0.0,0.0
1762708368.126945,1,3,0,0,0,0,0,0,0,0,0.0,0.0,0.0,0.0
1762708368.126945,2,4294967294,0,0,0,0,0,0,0,0,0.0,0.0,0.0,0.0
1762708368.126945,2,1,0,0,0,0,0,0,0,0,0.0,0.0,0.0,0.0
1762708368.126945,2,2,0,0,0,0,0,0,0,0,0.0,0.0,0.0,0.0
1762708368.126945,2,3,0,0,0,0,0,0,0,0,0.0,0.0,0.0,0.0
1762708369.1262565,3,4294967294,0,0,0,0,0,0,0,0,0.0,0.0,0.0,0.0
1762708369.1262565,3,1,0,0,0,0,0,0,0,0,0.0,0.0,0.0,0.0
1762708369.1262565,3,2,0,0,0,0,0,0,0,0,0.0,0.0,0.0,0.0
1762708369.1262565,1,4294967294,0,0,0,0,0,0,0,0,0.0,0.0,0.0,0.0
1762708369.1262565,1,1,0,0,0,0,0,0,0,0,0.0,0.0,0.0,0.0
1762708369.1262565,1,2,0,0,0,0,0,0,0,0,0.0,0.0,0.0,0.0
1762708369.1262565,1,3,0,0,0,0,0,0,0,0,0.0,0.0,0.0,0.0
1762708369.1262565,2,4294967294,0,0,0,0,0,0,0,0,0.0,0.0,0.0,0.0
1762708369.1262565,2,1,0,0,0,0,0,0,0,0,0.0,0.0,0.0,0.0
1762708369.1262565,2,2,0,0,0,0,0,0,0,0,0.0,0.0,0.0,0.0
1762708369.1262565,2,3,0,0,0,0,0,0,0,0,0.0,0.0,0.0,0.0
1762708370.126384,3,4294967294,0,0,0,0,0,0,0,0,0.0,0.0,0.0,0.0
1762708370.126384,3,1,0,0,0,0,0,0,0,0,0.0,0.0,0.0,0.0
1762708370.126384,3,2,0,0,0,0,0,0,0,0,0.0,0.0,0.0,0.0
1762708370.126384,1,4294967294,0,0,0,0,0,0,0,0,0.0,0.0,0.0,0.0
1762708370.126384,1,1,0,0,0,0,0,0,0,0,0.0,0.0,0.0,0.0
1762708370.126384,1,2,0,0,0,0,0,0,0,0,0.0,0.0,0.0,0.0
1762708370.126384,1,3,0,0,0,0,0,0,0,0,0.0,0.0,0.0,0.0
1762708370.126384,2,4294967294,0,0,0,0,0,0,0,0,0.0,0.0,0.0,0.0
1762708370.126384,2,1,0,0,0,0,0,0,0,0,0.0,0.0,0.0,0.0
1762708370.126384,2,2,0,0,0,0,0,0,0,0,0.0,0.0,0.0,0.0
1762708370.126384,2,3,0,0,0,0,0,0,0,0,0.0,0.0,0.0,0.0
1762708371.1269581,3,4294967294,0,0,0,0,0,0,0,0,0.0,0.0,0.0,0.0
1762708371.1269581,3,1,0,0,0,0,0,0,0,0,0.0,0.0,0.0,0.0
1762708371.1269581,3,2,0,0,0,0,0,0,0,0,0.0,0.0,0.0,0.0
1762708371.1269581,1,4294967294,0,0,0,0,0,0,0,0,0.0,0.0,0.0,0.0
1762708371.1269581,1,1,0,0,0,0,0,0,0,0,0.0,0.0,0.0,0.0
1762708371.1269581,1,2,0,0,0,0,0,0,0,0,0.0,0.0,0.0,0.0
1762708371.1269581,1,3,0,0,0,0,0,0,0,0,0.0,0.0,0.0,0.0
1762708371.1269581,2,4294967294,0,0,0,0,0,0,0,0,0.0,0.0,0.0,0.0
1762708371.1269581,2,1,0,0,0,0,0,0,0,0,0.0,0.0,0.0,0.0
1762708371.1269581,2,2,0,0,0,0,0,0,0,0,0.0,0.0,0.0,0.0
1762708371.1269581,2,3,0,0,0,0,0,0,0,0,0.0,0.0,0.0,0.0
1762708372.126422,3,4294967294,0,0,0,0,0,0,0,0,0.0,0.0,0.0,0.0
1762708372.126422,3,1,0,0,0,0,0,0,0,0,0.0,0.0,0.0,0.0
1762708372.126422,3,2,0,0,0,0,0,0,0,0,0.0,0.0,0.0,0.0
1762708372.126422,1,4294967294,0,0,0,0,0,0,0,0,0.0,0.0,0.0,0.0
1762708372.126422,1,1,0,0,0,0,0,0,0,0,0.0,0.0,0.0,0.0
1762708372.126422,1,2,0,0,0,0,0,0,0,0,0.0,0.0,0.0,0.0
1762708372.126422,1,3,0,0,0,0,0,0,0,0,0.0,0.0,0.0,0.0
1762708372.126422,2,4294967294,0,0,0,0,0,0,0,0,0.0,0.0,0.0,0.0
1762708372.126422,2,1,0,0,0,0,0,0,0,0,0.0,0.0,0.0,0.0
1762708372.126422,2,2,0,0,0,0,0,0,0,0,0.0,0.0,0.0,0.0
1762708372.126422,2,3,0,0,0,0,0,0,0,0,0.0,0.0,0.0,0.0
1762708373.125982,3,4294967294,0,0,0,0,0,0,0,0,0.0,0.0,0.0,0.0
1762708373.125982,3,1,0,0,0,0,0,0,0,0,0.0,0.0,0.0,0.0
1762708373.125982,3,2,0,0,0,0,0,0,0,0,0.0,0.0,0.0,0.0
1762708373.125982,1,4294967294,0,0,0,0,0,0,0,0,0.0,0.0,0.0,0.0
1762708373.125982,1,1,0,0,0,0,0,0,0,0,0.0,0.0,0.0,0.0
1762708373.125982,1,2,0,0,0,0,0,0,0,0,0.0,0.0,0.0,0.0
1762708373.125982,1,3,0,0,0,0,0,0,0,0,0.0,0.0,0.0,0.0
1762708373.125982,2,4294967294,0,0,0,0,0,0,0,0,0.0,0.0,0.0,0.0
1762708373.125982,2,1,0,0,0,0,0,0,0,0,0.0,0.0,0.0,0.0
1762708373.125982,2,2,0,0,0,0,0,0,0,0,0.0,0.0,0.0,0.0
1762708373.125982,2,3,0,0,0,0,0,0,0,0,0.0,0.0,0.0,0.0
1762708374.1265738,3,4294967294,0,0,0,0,0,0,0,0,0.0,0.0,0.0,0.0
1762708374.1265738,3,1,0,0,0,0,0,0,0,0,0.0,0.0,0.0,0.0
1762708374.1265738,3,2,0,0,0,0,0,0,0,0,0.0,0.0,0.0,0.0
1762708374.1265738,1,4294967294,0,0,0,0,0,0,0,0,0.0,0.0,0.0,0.0
1762708374.1265738,1,1,0,0,0,0,0,0,0,0,0.0,0.0,0.0,0.0
1762708374.1265738,1,2,0,0,0,0,0,0,0,0,0.0,0.0,0.0,0.0
1762708374.1265738,1,3,0,0,0,0,0,0,0,0,0.0,0.0,0.0,0.0
1762708374.1265738,2,4294967294,0,0,0,0,0,0,0,0,0.0,0.0,0.0,0.0
1762708374.1265738,2,1,0,0,0,0,0,0,0,0,0.0,0.0,0.0,0.0
1762708374.1265738,2,2,0,0,0,0,0,0,0,0,0.0,0.0,0.0,0.0
1762708374.1265738,2,3,0,0,0,0,0,0,0,0,0.0,0.0,0.0,0.0
1762708375.1269221,3,4294967294,0,0,0,0,0,0,0,0,0.0,0.0,0.0,0.0
1762708375.1269221,3,1,0,0,0,0,0,0,0,0,0.0,0.0,0.0,0.0
1762708375.1269221,3,2,0,0,0,0,0,0,0,0,0.0,0.0,0.0,0.0
1762708375.1269221,1,4294967294,0,0,0,0,0,0,0,0,0.0,0.0,0.0,0.0
1762708375.1269221,1,1,0,0,0,0,0,0,0,0,0.0,0.0,0.0,0.0
1762708375.1269221,1,2,0,0,0,0,0,0,0,0,0.0,0.0,0.0,0.0
1762708375.1269221,1,3,0,0,0,0,0,0,0,0,0.0,0.0,0.0,0.0
1762708375.1269221,2,4294967294,0,0,0,0,0,0,0,0,0.0,0.0,0.0,0.0
1762708375.1269221,2,1,0,0,0,0,0,0,0,0,0.0,0.0,0.0,0.0
1762708375.1269221,2,2,0,0,0,0,0,0,0,0,0.0,0.0,0.0,0.0
1762708375.1269221,2,3,0,0,0,0,0,0,0,0,0.0,0.0,0.0,0.0
1762708376.1266582,3,4294967294,0,0,0,0,0,0,0,0,0.0,0.0,0.0,0.0
1762708376.1266582,3,1,0,0,0,0,0,0,0,0,0.0,0.0,0.0,0.0
1762708376.1266582,3,2,0,0,0,0,0,0,0,0,0.0,0.0,0.0,0.0
1762708376.1266582,1,4294967294,0,0,0,0,0,0,0,0,0.0,0.0,0.0,0.0
1762708376.1266582,1,1,0,0,0,0,0,0,0,0,0.0,0.0,0.0,0.0
1762708376.1266582,1,2,0,0,0,0,0,0,0,0,0.0,0.0,0.0,0.0
1762708376.1266582,1,3,0,0,0,0,0,0,0,0,0.0,0.0,0.0,0.0
1762708376.1266582,2,4294967294,0,0,0,0,0,0,0,0,0.0,0.0,0.0,0.0
1762708376.1266582,2,1,0,0,0,0,0,0,0,0,0.0,0.0,0.0,0.0
1762708376.1266582,2,2,0,0,0,0,0,0,0,0,0.0,0.0,0.0,0.0
1762708376.1266582,2,3,0,0,0,0,0,0,0,0,0.0,0.0,0.0,0.0
1762708377.1269145,3,4294967294,0,0,0,0,0,0,0,0,0.0,0.0,0.0,0.0
1762708377.1269145,3,1,0,0,0,0,0,0,0,0,0.0,0.0,0.0,0.0
1762708377.1269145,3,2,0,0,0,0,0,0,0,0,0.0,0.0,0.0,0.0
1762708377.1269145,1,4294967294,0,0,0,0,0,0,0,0,0.0,0.0,0.0,0.0
1762708377.1269145,1,1,0,0,0,0,0,0,0,0,0.0,0.0,0.0,0.0
1762708377.1269145,1,2,0,0,0,0,0,0,0,0,0.0,0.0,0.0,0.0
1762708377.1269145,1,3,0,0,0,0,0,0,0,0,0.0,0.0,0.0,0.0
1762708377.1269145,2,4294967294,0,0,0,0,0,0,0,0,0.0,0.0,0.0,0.0
1762708377.1269145,2,1,0,0,0,0,0,0,0,0,0.0,0.0,0.0,0.0
1762708377.1269145,2,2,0,0,0,0,0,0,0,0,0.0,0.0,0.0,0.0
1762708377.1269145,2,3,0,0,0,0,0,0,0,0,0.0,0.0,0.0,0.0
1762708378.1269336,3,4294967294,0,0,0,0,0,0,0,0,0.0,0.0,0.0,0.0
1762708378.1269336,3,1,0,0,0,0,0,0,0,0,0.0,0.0,0.0,0.0
1762708378.1269336,3,2,0,0,0,0,0,0,0,0,0.0,0.0,0.0,0.0
1762708378.1269336,1,4294967294,0,0,0,0,0,0,0,0,0.0,0.0,0.0,0.0
1762708378.1269336,1,1,0,0,0,0,0,0,0,0,0.0,0.0,0.0,0.0
1762708378.1269336,1,2,0,0,0,0,0,0,0,0,0.0,0.0,0.0,0.0
1762708378.1269336,1,3,0,0,0,0,0,0,0,0,0.0,0.0,0.0,0.0
1762708378.1269336,2,4294967294,0,0,0,0,0,0,0,0,0.0,0.0,0.0,0.0
1762708378.1269336,2,1,0,0,0,0,0,0,0,0,0.0,0.0,0.0,0.0
1762708378.1269336,2,2,0,0,0,0,0,0,0,0,0.0,0.0,0.0,0.0
1762708378.1269336,2,3,0,0,0,0,0,0,0,0,0.0,0.0,0.0,0.0
1762708379.126959,3,4294967294,0,0,0,0,0,0,0,0,0.0,0.0,0.0,0.0
1762708379.126959,3,1,0,0,0,0,0,0,0,0,0.0,0.0,0.0,0.0
1762708379.126959,3,2,0,0,0,0,0,0,0,0,0.0,0.0,0.0,0.0
1762708379.126959,1,4294967294,0,0,0,0,0,0,0,0,0.0,0.0,0.0,0.0
1762708379.126959,1,1,0,0,0,0,0,0,0,0,0.0,0.0,0.0,0.0
1762708379.126959,1,2,0,0,0,0,0,0,0,0,0.0,0.0,0.0,0.0
1762708379.126959,1,3,0,0,0,0,0,0,0,0,0.0,0.0,0.0,0.0
1762708379.126959,2,4294967294,0,0,0,0,0,0,0,0,0.0,0.0,0.0,0.0
1762708379.126959,2,1,0,0,0,0,0,0,0,0,0.0,0.0,0.0,0.0
1762708379.126959,2,2,0,0,0,0,0,0,0,0,0.0,0.0,0.0,0.0
1762708379.126959,2,3,0,0,0,0,0,0,0,0,0.0,0.0,0.0,0.0
1762708380.126918,3,4294967294,0,0,0,0,0,0,0,0,0.0,0.0,0.0,0.0
1762708380.126918,3,1,0,0,0,0,0,0,0,0,0.0,0.0,0.0,0.0
1762708380.126918,3,2,0,0,0,0,0,0,0,0,0.0,0.0,0.0,0.0
1762708380.126918,1,4294967294,0,0,0,0,0,0,0,0,0.0,0.0,0.0,0.0
1762708380.126918,1,1,0,0,0,0,0,0,0,0,0.0,0.0,0.0,0.0
1762708380.126918,1,2,0,0,0,0,0,0,0,0,0.0,0.0,0.0,0.0
1762708380.126918,1,3,0,0,0,0,0,0,0,0,0.0,0.0,0.0,0.0
1762708380.126918,2,4294967294,0,0,0,0,0,0,0,0,0.0,0.0,0.0,0.0
1762708380.126918,2,1,0,0,0,0,0,0,0,0,0.0,0.0,0.0,0.0
1762708380.126918,2,2,0,0,0,0,0,0,0,0,0.0,0.0,0.0,0.0
1762708380.126918,2,3,0,0,0,0,0,0,0,0,0.0,0.0,0.0,0.0
1762708381.1269543,3,4294967294,0,0,0,0,0,0,0,0,0.0,0.0,0.0,0.0
1762708381.1269543,3,1,0,0,0,0,0,0,0,0,0.0,0.0,0.0,0.0
1762708381.1269543,3,2,0,0,0,0,0,0,0,0,0.0,0.0,0.0,0.0
1762708381.1269543,1,4294967294,0,0,0,0,0,0,0,0,0.0,0.0,0.0,0.0
1762708381.1269543,1,1,0,0,0,0,0,0,0,0,0.0,0.0,0.0,0.0
1762708381.1269543,1,2,0,0,0,0,0,0,0,0,0.0,0.0,0.0,0.0
1762708381.1269543,1,3,0,0,0,0,0,0,0,0,0.0,0.0,0.0,0.0
1762708381.1269543,2,4294967294,0,0,0,0,0,0,0,0,0.0,0.0,0.0,0.0
1762708381.1269543,2,1,0,0,0,0,0,0,0,0,0.0,0.0,0.0,0.0
1762708381.1269543,2,2,0,0,0,0,0,0,0,0,0.0,0.0,0.0,0.0
1762708381.1269543,2,3,0,0,0,0,0,0,0,0,0.0,0.0,0.0,0.0
1762708382.1269734,3,4294967294,0,0,0,0,0,0,0,0,0.0,0.0,0.0,0.0
1762708382.1269734,3,1,0,0,0,0,0,0,0,0,0.0,0.0,0.0,0.0
1762708382.1269734,3,2,0,0,0,0,0,0,0,0,0.0,0.0,0.0,0.0
1762708382.1269734,1,4294967294,0,0,0,0,0,0,0,0,0.0,0.0,0.0,0.0
1762708382.1269734,1,1,0,0,0,0,0,0,0,0,0.0,0.0,0.0,0.0
1762708382.1269734,1,2,0,0,0,0,0,0,0,0,0.0,0.0,0.0,0.0
1762708382.1269734,1,3,0,0,0,0,0,0,0,0,0.0,0.0,0.0,0.0
1762708382.1269734,2,4294967294,0,0,0,0,0,0,0,0,0.0,0.0,0.0,0.0
1762708382.1269734,2,1,0,0,0,0,0,0,0,0,0.0,0.0,0.0,0.0
1762708382.1269734,2,2,0,0,0,0,0,0,0,0,0.0,0.0,0.0,0.0
1762708382.1269734,2,3,0,0,0,0,0,0,0,0,0.0,0.0,0.0,0.0
1762708383.1268601,3,4294967294,0,0,0,0,0,0,0,0,0.0,0.0,0.0,0.0
1762708383.1268601,3,1,0,0,0,0,0,0,0,0,0.0,0.0,0.0,0.0
1762708383.1268601,3,2,0,0,0,0,0,0,0,0,0.0,0.0,0.0,0.0
1762708383.1268601,1,4294967294,0,0,0,0,0,0,0,0,0.0,0.0,0.0,0.0
1762708383.1268601,1,1,0,0,0,0,0,0,0,0,0.0,0.0,0.0,0.0
1762708383.1268601,1,2,0,0,0,0,0,0,0,0,0.0,0.0,0.0,0.0
1762708383.1268601,1,3,0,0,0,0,0,0,0,0,0.0,0.0,0.0,0.0
1762708383.1268601,2,4294967294,0,0,0,0,0,0,0,0,0.0,0.0,0.0,0.0
1762708383.1268601,2,1,0,0,0,0,0,0,0,0,0.0,0.0,0.0,0.0
1762708383.1268601,2,2,0,0,0,0,0,0,0,0,0.0,0.0,0.0,0.0
1762708383.1268601,2,3,0,0,0,0,0,0,0,0,0.0,0.0,0.0,0.0
1762708384.1269393,3,4294967294,0,0,0,0,0,0,0,0,0.0,0.0,0.0,0.0
1762708384.1269393,3,1,0,0,0,0,0,0,0,0,0.0,0.0,0.0,0.0
1762708384.1269393,3,2,0,0,0,0,0,0,0,0,0.0,0.0,0.0,0.0
1762708384.1269393,1,4294967294,0,0,0,0,0,0,0,0,0.0,0.0,0.0,0.0
1762708384.1269393,1,1,0,0,0,0,0,0,0,0,0.0,0.0,0.0,0.0
1762708384.1269393,1,2,0,0,0,0,0,0,0,0,0.0,0.0,0.0,0.0
1762708384.1269393,1,3,0,0,0,0,0,0,0,0,0.0,0.0,0.0,0.0
1762708384.1269393,2,4294967294,0,0,0,0,0,0,0,0,0.0,0.0,0.0,0.0
1762708384.1269393,2,1,0,0,0,0,0,0,0,0,0.0,0.0,0.0,0.0
1762708384.1269393,2,2,0,0,0,0,0,0,0,0,0.0,0.0,0.0,0.0
1762708384.1269393,2,3,0,0,0,0,0,0,0,0,0.0,0.0,0.0,0.0
1762708385.1269498,3,4294967294,0,0,0,0,0,0,0,0,0.0,0.0,0.0,0.0
1762708385.1269498,3,1,0,0,0,0,0,0,0,0,0.0,0.0,0.0,0.0
1762708385.1269498,3,2,0,0,0,0,0,0,0,0,0.0,0.0,0.0,0.0
1762708385.1269498,1,4294967294,0,0,0,0,0,0,0,0,0.0,0.0,0.0,0.0
1762708385.1269498,1,1,0,0,0,0,0,0,0,0,0.0,0.0,0.0,0.0
1762708385.1269498,1,2,0,0,0,0,0,0,0,0,0.0,0.0,0.0,0.0
1762708385.1269498,1,3,0,0,0,0,0,0,0,0,0.0,0.0,0.0,0.0
1762708385.1269498,2,4294967294,0,0,0,0,0,0,0,0,0.0,0.0,0.0,0.0
1762708385.1269498,2,1,0,0,0,0,0,0,0,0,0.0,0.0,0.0,0.0
1762708385.1269498,2,2,0,0,0,0,0,0,0,0,0.0,0.0,0.0,0.0
1762708385.1269498,2,3,0,0,0,0,0,0,0,0,0.0,0.0,0.0,0.0
1762708386.1268587,3,4294967294,0,0,0,0,0,0,0,0,0.0,0.0,0.0,0.0
1762708386.1268587,3,1,0,0,0,0,0,0,0,0,0.0,0.0,0.0,0.0
1762708386.1268587,3,2,0,0,0,0,0,0,0,0,0.0,0.0,0.0,0.0
1762708386.1268587,1,4294967294,0,0,0,0,0,0,0,0,0.0,0.0,0.0,0.0
1762708386.1268587,1,1,0,0,0,0,0,0,0,0,0.0,0.0,0.0,0.0
1762708386.1268587,1,2,0,0,0,0,0,0,0,0,0.0,0.0,0.0,0.0
1762708386.1268587,1,3,0,0,0,0,0,0,0,0,0.0,0.0,0.0,0.0
1762708386.1268587,2,4294967294,0,0,0,0,0,0,0,0,0.0,0.0,0.0,0.0
1762708386.1268587,2,1,0,0,0,0,0,0,0,0,0.0,0.0,0.0,0.0
1762708386.1268587,2,2,0,0,0,0,0,0,0,0,0.0,0.0,0.0,0.0
1762708386.1268587,2,3,0,0,0,0,0,0,0,0,0.0,0.0,0.0,0.0
1762708387.1269433,3,4294967294,0,0,0,0,0,0,0,0,0.0,0.0,0.0,0.0
1762708387.1269433,3,1,0,0,0,0,0,0,0,0,0.0,0.0,0.0,0.0
1762708387.1269433,3,2,0,0,0,0,0,0,0,0,0.0,0.0,0.0,0.0
1762708387.1269433,1,4294967294,0,0,0,0,0,0,0,0,0.0,0.0,0.0,0.0
1762708387.1269433,1,1,0,0,0,0,0,0,0,0,0.0,0.0,0.0,0.0
1762708387.1269433,1,2,0,0,0,0,0,0,0,0,0.0,0.0,0.0,0.0
1762708387.1269433,1,3,0,0,0,0,0,0,0,0,0.0,0.0,0.0,0.0
1762708387.1269433,2,4294967294,0,0,0,0,0,0,0,0,0.0,0.0,0.0,0.0
1762708387.1269433,2,1,0,0,0,0,0,0,0,0,0.0,0.0,0.0,0.0
1762708387.1269433,2,2,0,0,0,0,0,0,0,0,0.0,0.0,0.0,0.0
1762708387.1269433,2,3,0,0,0,0,0,0,0,0,0.0,0.0,0.0,0.0
1762708388.1268497,3,4294967294,0,0,0,0,0,0,0,0,0.0,0.0,0.0,0.0
1762708388.1268497,3,1,0,0,0,0,0,0,0,0,0.0,0.0,0.0,0.0
1762708388.1268497,3,2,0,0,0,0,0,0,0,0,0.0,0.0,0.0,0.0
1762708388.1268497,1,4294967294,0,0,0,0,0,0,0,0,0.0,0.0,0.0,0.0
1762708388.1268497,1,1,0,0,0,0,0,0,0,0,0.0,0.0,0.0,0.0
1762708388.1268497,1,2,0,0,0,0,0,0,0,0,0.0,0.0,0.0,0.0
1762708388.1268497,1,3,0,0,0,0,0,0,0,0,0.0,0.0,0.0,0.0
1762708388.1268497,2,4294967294,0,0,0,0,0,0,0,0,0.0,0.0,0.0,0.0
1762708388.1268497,2,1,0,0,0,0,0,0,0,0,0.0,0.0,0.0,0.0
1762708388.1268497,2,2,0,0,0,0,0,0,0,0,0.0,0.0,0.0,0.0
1762708388.1268497,2,3,0,0,0,0,0,0,0,0,0.0,0.0,0.0,0.0
1762708389.1269665,3,4294967294,0,0,0,0,0,0,0,0,0.0,0.0,0.0,0.0
1762708389.1269665,3,1,0,0,0,0,0,0,0,0,0.0,0.0,0.0,0.0
1762708389.1269665,3,2,0,0,0,0,0,0,0,0,0.0,0.0,0.0,0.0
1762708389.1269665,1,4294967294,0,0,0,0,0,0,0,0,0.0,0.0,0.0,0.0
1762708389.1269665,1,1,0,0,0,0,0,0,0,0,0.0,0.0,0.0,0.0
1762708389.1269665,1,2,0,0,0,0,0,0,0,0,0.0,0.0,0.0,0.0
1762708389.1269665,1,3,0,0,0,0,0,0,0,0,0.0,0.0,0.0,0.0
1762708389.1269665,2,4294967294,0,0,0,0,0,0,0,0,0.0,0.0,0.0,0.0
1762708389.1269665,2,1,0,0,0,0,0,0,0,0,0.0,0.0,0.0,0.0
1762708389.1269665,2,2,0,0,0,0,0,0,0,0,0.0,0.0,0.0,0.0
1762708389.1269665,2,3,0,0,0,0,0,0,0,0,0.0,0.0,0.0,0.0
1762708390.1268797,3,4294967294,0,0,0,0,0,0,0,0,0.0,0.0,0.0,0.0
1762708390.1268797,3,1,0,0,0,0,0,0,0,0,0.0,0.0,0.0,0.0
1762708390.1268797,3,2,0,0,0,0,0,0,0,0,0.0,0.0,0.0,0.0
1762708390.1268797,1,4294967294,0,0,0,0,0,0,0,0,0.0,0.0,0.0,0.0
1762708390.1268797,1,1,0,0,0,0,0,0,0,0,0.0,0.0,0.0,0.0
1762708390.1268797,1,2,0,0,0,0,0,0,0,0,0.0,0.0,0.0,0.0
1762708390.1268797,1,3,0,0,0,0,0,0,0,0,0.0,0.0,0.0,0.0
1762708390.1268797,2,4294967294,0,0,0,0,0,0,0,0,0.0,0.0,0.0,0.0
1762708390.1268797,2,1,0,0,0,0,0,0,0,0,0.0,0.0,0.0,0.0
1762708390.1268797,2,2,0,0,0,0,0,0,0,0,0.0,0.0,0.0,0.0
1762708390.1268797,2,3,0,0,0,0,0,0,0,0,0.0,0.0,0.0,0.0
1762708391.1269531,3,4294967294,0,0,0,0,0,0,0,0,0.0,0.0,0.0,0.0
1762708391.1269531,3,1,0,0,0,0,0,0,0,0,0.0,0.0,0.0,0.0
1762708391.1269531,3,2,0,0,0,0,0,0,0,0,0.0,0.0,0.0,0.0
1762708391.1269531,1,4294967294,0,0,0,0,0,0,0,0,0.0,0.0,0.0,0.0
1762708391.1269531,1,1,0,0,0,0,0,0,0,0,0.0,0.0,0.0,0.0
1762708391.1269531,1,2,0,0,0,0,0,0,0,0,0.0,0.0,0.0,0.0
1762708391.1269531,1,3,0,0,0,0,0,0,0,0,0.0,0.0,0.0,0.0
1762708391.1269531,2,4294967294,0,0,0,0,0,0,0,0,0.0,0.0,0.0,0.0
1762708391.1269531,2,1,0,0,0,0,0,0,0,0,0.0,0.0,0.0,0.0
1762708391.1269531,2,2,0,0,0,0,0,0,0,0,0.0,0.0,0.0,0.0
1762708391.1269531,2,3,0,0,0,0,0,0,0,0,0.0,0.0,0.0,0.0
1762708392.1269083,3,4294967294,0,0,0,0,0,0,0,0,0.0,0.0,0.0,0.0
1762708392.1269083,3,1,0,0,0,0,0,0,0,0,0.0,0.0,0.0,0.0
1762708392.1269083,3,2,0,0,0,0,0,0,0,0,0.0,0.0,0.0,0.0
1762708392.1269083,1,4294967294,0,0,0,0,0,0,0,0,0.0,0.0,0.0,0.0
1762708392.1269083,1,1,0,0,0,0,0,0,0,0,0.0,0.0,0.0,0.0
1762708392.1269083,1,2,0,0,0,0,0,0,0,0,0.0,0.0,0.0,0.0
1762708392.1269083,1,3,0,0,0,0,0,0,0,0,0.0,0.0,0.0,0.0
1762708392.1269083,2,4294967294,0,0,0,0,0,0,0,0,0.0,0.0,0.0,0.0
1762708392.1269083,2,1,0,0,0,0,0,0,0,0,0.0,0.0,0.0,0.0
1762708392.1269083,2,2,0,0,0,0,0,0,0,0,0.0,0.0,0.0,0.0
1762708392.1269083,2,3,0,0,0,0,0,0,0,0,0.0,0.0,0.0,0.0
1762708393.1269472,3,4294967294,0,0,0,0,0,0,0,0,0.0,0.0,0.0,0.0
1762708393.1269472,3,1,0,0,0,0,0,0,0,0,0.0,0.0,0.0,0.0
1762708393.1269472,3,2,0,0,0,0,0,0,0,0,0.0,0.0,0.0,0.0
1762708393.1269472,1,4294967294,0,0,0,0,0,0,0,0,0.0,0.0,0.0,0.0
1762708393.1269472,1,1,0,0,0,0,0,0,0,0,0.0,0.0,0.0,0.0
1762708393.1269472,1,2,0,0,0,0,0,0,0,0,0.0,0.0,0.0,0.0
1762708393.1269472,1,3,0,0,0,0,0,0,0,0,0.0,0.0,0.0,0.0
1762708393.1269472,2,4294967294,0,0,0,0,0,0,0,0,0.0,0.0,0.0,0.0
1762708393.1269472,2,1,0,0,0,0,0,0,0,0,0.0,0.0,0.0,0.0
1762708393.1269472,2,2,0,0,0,0,0,0,0,0,0.0,0.0,0.0,0.0
1762708393.1269472,2,3,0,0,0,0,0,0,0,0,0.0,0.0,0.0,0.0
1762708394.1268504,3,4294967294,0,0,0,0,0,0,0,0,0.0,0.0,0.0,0.0
1762708394.1268504,3,1,0,0,0,0,0,0,0,0,0.0,0.0,0.0,0.0
1762708394.1268504,3,2,0,0,0,0,0,0,0,0,0.0,0.0,0.0,0.0
1762708394.1268504,1,4294967294,0,0,0,0,0,0,0,0,0.0,0.0,0.0,0.0
1762708394.1268504,1,1,0,0,0,0,0,0,0,0,0.0,0.0,0.0,0.0
1762708394.1268504,1,2,0,0,0,0,0,0,0,0,0.0,0.0,0.0,0.0
1762708394.1268504,1,3,0,0,0,0,0,0,0,0,0.0,0.0,0.0,0.0
1762708394.1268504,2,4294967294,0,0,0,0,0,0,0,0,0.0,0.0,0.0,0.0
1762708394.1268504,2,1,0,0,0,0,0,0,0,0,0.0,0.0,0.0,0.0
1762708394.1268504,2,2,0,0,0,0,0,0,0,0,0.0,0.0,0.0,0.0
1762708394.1268504,2,3,0,0,0,0,0,0,0,0,0.0,0.0,0.0,0.0
1762708395.1269553,3,4294967294,0,0,0,0,0,0,0,0,0.0,0.0,0.0,0.0
1762708395.1269553,3,1,0,0,0,0,0,0,0,0,0.0,0.0,0.0,0.0
1762708395.1269553,3,2,0,0,0,0,0,0,0,0,0.0,0.0,0.0,0.0
1762708395.1269553,1,4294967294,0,0,0,0,0,0,0,0,0.0,0.0,0.0,0.0
1762708395.1269553,1,1,0,0,0,0,0,0,0,0,0.0,0.0,0.0,0.0
1762708395.1269553,1,2,0,0,0,0,0,0,0,0,0.0,0.0,0.0,0.0
1762708395.1269553,1,3,0,0,0,0,0,0,0,0,0.0,0.0,0.0,0.0
1762708395.1269553,2,4294967294,0,0,0,0,0,0,0,0,0.0,0.0,0.0,0.0
1762708395.1269553,2,1,0,0,0,0,0,0,0,0,0.0,0.0,0.0,0.0
1762708395.1269553,2,2,0,0,0,0,0,0,0,0,0.0,0.0,0.0,0.0
1762708395.1269553,2,3,0,0,0,0,0,0,0,0,0.0,0.0,0.0,0.0
1762708396.1268532,3,4294967294,0,0,0,0,0,0,0,0,0.0,0.0,0.0,0.0
1762708396.1268532,3,1,0,0,0,0,0,0,0,0,0.0,0.0,0.0,0.0
1762708396.1268532,3,2,0,0,0,0,0,0,0,0,0.0,0.0,0.0,0.0
1762708396.1268532,1,4294967294,0,0,0,0,0,0,0,0,0.0,0.0,0.0,0.0
1762708396.1268532,1,1,0,0,0,0,0,0,0,0,0.0,0.0,0.0,0.0
1762708396.1268532,1,2,0,0,0,0,0,0,0,0,0.0,0.0,0.0,0.0
1762708396.1268532,1,3,0,0,0,0,0,0,0,0,0.0,0.0,0.0,0.0
1762708396.1268532,2,4294967294,0,0,0,0,0,0,0,0,0.0,0.0,0.0,0.0
1762708396.1268532,2,1,0,0,0,0,0,0,0,0,0.0,0.0,0.0,0.0
1762708396.1268532,2,2,0,0,0,0,0,0,0,0,0.0,0.0,0.0,0.0
1762708396.1268532,2,3,0,0,0,0,0,0,0,0,0.0,0.0,0.0,0.0
1762708397.1268625,3,4294967294,0,0,0,0,0,0,0,0,0.0,0.0,0.0,0.0
1762708397.1268625,3,1,0,0,0,0,0,0,0,0,0.0,0.0,0.0,0.0
1762708397.1268625,3,2,0,0,0,0,0,0,0,0,0.0,0.0,0.0,0.0
1762708397.1268625,1,4294967294,0,0,0,0,0,0,0,0,0.0,0.0,0.0,0.0
1762708397.1268625,1,1,0,0,0,0,0,0,0,0,0.0,0.0,0.0,0.0
1762708397.1268625,1,2,0,0,0,0,0,0,0,0,0.0,0.0,0.0,0.0
1762708397.1268625,1,3,0,0,0,0,0,0,0,0,0.0,0.0,0.0,0.0
1762708397.1268625,2,4294967294,0,0,0,0,0,0,0,0,0.0,0.0,0.0,0.0
1762708397.1268625,2,1,0,0,0,0,0,0,0,0,0.0,0.0,0.0,0.0
1762708397.1268625,2,2,0,0,0,0,0,0,0,0,0.0,0.0,0.0,0.0
1762708397.1268625,2,3,0,0,0,0,0,0,0,0,0.0,0.0,0.0,0.0
1762708398.1261659,3,4294967294,0,0,0,0,0,0,0,0,0.0,0.0,0.0,0.0
1762708398.1261659,3,1,0,0,0,0,0,0,0,0,0.0,0.0,0.0,0.0
1762708398.1261659,3,2,0,0,0,0,0,0,0,0,0.0,0.0,0.0,0.0
1762708398.1261659,1,4294967294,0,0,0,0,0,0,0,0,0.0,0.0,0.0,0.0
1762708398.1261659,1,1,0,0,0,0,0,0,0,0,0.0,0.0,0.0,0.0
1762708398.1261659,1,2,0,0,0,0,0,0,0,0,0.0,0.0,0.0,0.0
1762708398.1261659,1,3,0,0,0,0,0,0,0,0,0.0,0.0,0.0,0.0
1762708398.1261659,2,4294967294,0,0,0,0,0,0,0,0,0.0,0.0,0.0,0.0
1762708398.1261659,2,1,0,0,0,0,0,0,0,0,0.0,0.0,0.0,0.0
1762708398.1261659,2,2,0,0,0,0,0,0,0,0,0.0,0.0,0.0,0.0
1762708398.1261659,2,3,0,0,0,0,0,0,0,0,0.0,0.0,0.0,0.0
1762708399.125876,3,4294967294,0,0,0,0,0,0,0,0,0.0,0.0,0.0,0.0
1762708399.125876,3,1,0,0,0,0,0,0,0,0,0.0,0.0,0.0,0.0
1762708399.125876,3,2,0,0,0,0,0,0,0,0,0.0,0.0,0.0,0.0
1762708399.125876,1,4294967294,0,0,0,0,0,0,0,0,0.0,0.0,0.0,0.0
1762708399.125876,1,1,0,0,0,0,0,0,0,0,0.0,0.0,0.0,0.0
1762708399.125876,1,2,0,0,0,0,0,0,0,0,0.0,0.0,0.0,0.0
1762708399.125876,1,3,0,0,0,0,0,0,0,0,0.0,0.0,0.0,0.0
1762708399.125876,2,4294967294,0,0,0,0,0,0,0,0,0.0,0.0,0.0,0.0
1762708399.125876,2,1,0,0,0,0,0,0,0,0,0.0,0.0,0.0,0.0
1762708399.125876,2,2,0,0,0,0,0,0,0,0,0.0,0.0,0.0,0.0
1762708399.125876,2,3,0,0,0,0,0,0,0,0,0.0,0.0,0.0,0.0
1762708400.1259148,3,4294967294,0,0,0,0,0,0,0,0,0.0,0.0,0.0,0.0
1762708400.1259148,3,1,0,0,0,0,0,0,0,0,0.0,0.0,0.0,0.0
1762708400.1259148,3,2,0,0,0,0,0,0,0,0,0.0,0.0,0.0,0.0
1762708400.1259148,1,4294967294,0,0,0,0,0,0,0,0,0.0,0.0,0.0,0.0
1762708400.1259148,1,1,0,0,0,0,0,0,0,0,0.0,0.0,0.0,0.0
1762708400.1259148,1,2,0,0,0,0,0,0,0,0,0.0,0.0,0.0,0.0
1762708400.1259148,1,3,0,0,0,0,0,0,0,0,0.0,0.0,0.0,0.0
1762708400.1259148,2,4294967294,0,0,0,0,0,0,0,0,0.0,0.0,0.0,0.0
1762708400.1259148,2,1,0,0,0,0,0,0,0,0,0.0,0.0,0.0,0.0
1762708400.1259148,2,2,0,0,0,0,0,0,0,0,0.0,0.0,0.0,0.0
1762708400.1259148,2,3,0,0,0,0,0,0,0,0,0.0,0.0,0.0,0.0
1762708401.12613,3,4294967294,0,0,0,0,0,0,0,0,0.0,0.0,0.0,0.0
1762708401.12613,3,1,0,0,0,0,0,0,0,0,0.0,0.0,0.0,0.0
1762708401.12613,3,2,0,0,0,0,0,0,0,0,0.0,0.0,0.0,0.0
1762708401.12613,1,4294967294,0,0,0,0,0,0,0,0,0.0,0.0,0.0,0.0
1762708401.12613,1,1,0,0,0,0,0,0,0,0,0.0,0.0,0.0,0.0
1762708401.12613,1,2,0,0,0,0,0,0,0,0,0.0,0.0,0.0,0.0
1762708401.12613,1,3,0,0,0,0,0,0,0,0,0.0,0.0,0.0,0.0
1762708401.12613,2,4294967294,0,0,0,0,0,0,0,0,0.0,0.0,0.0,0.0
1762708401.12613,2,1,0,0,0,0,0,0,0,0,0.0,0.0,0.0,0.0
1762708401.12613,2,2,0,0,0,0,0,0,0,0,0.0,0.0,0.0,0.0
1762708401.12613,2,3,0,0,0,0,0,0,0,0,0.0,0.0,0.0,0.0
1762708402.125982,3,4294967294,0,0,0,0,0,0,0,0,0.0,0.0,0.0,0.0
1762708402.125982,3,1,0,0,0,0,0,0,0,0,0.0,0.0,0.0,0.0
1762708402.125982,3,2,0,0,0,0,0,0,0,0,0.0,0.0,0.0,0.0
1762708402.125982,1,4294967294,0,0,0,0,0,0,0,0,0.0,0.0,0.0,0.0
1762708402.125982,1,1,0,0,0,0,0,0,0,0,0.0,0.0,0.0,0.0
1762708402.125982,1,2,0,0,0,0,0,0,0,0,0.0,0.0,0.0,0.0
1762708402.125982,1,3,0,0,0,0,0,0,0,0,0.0,0.0,0.0,0.0
1762708402.125982,2,4294967294,0,0,0,0,0,0,0,0,0.0,0.0,0.0,0.0
1762708402.125982,2,1,0,0,0,0,0,0,0,0,0.0,0.0,0.0,0.0
1762708402.125982,2,2,0,0,0,0,0,0,0,0,0.0,0.0,0.0,0.0
1762708402.125982,2,3,0,0,0,0,0,0,0,0,0.0,0.0,0.0,0.0
